category	deployed	pool	source_path	band_min	band_max
bats	sound_01_248dfc0340	AudioExpansion	ambient/trx/nature/bats/sound_01	2.5	150.0
bats	sound_02_9fcbab3ade	AudioExpansion	ambient/trx/nature/bats/sound_02	1.6	119.1
bats	sound_03_635edf4cf9	AudioExpansion	ambient/trx/nature/bats/sound_03	2.3	150.0
bats	sound_04_557875ffb5	AudioExpansion	ambient/trx/nature/bats/sound_04	1.9	143.1
bats	sound_05_e55c8b172a	AudioExpansion	ambient/trx/nature/bats/sound_05	2.5	150.0
bats	sound_06_1d090087aa	AudioExpansion	ambient/trx/nature/bats/sound_06	2.3	150.0
dark_signal	darksignal1_5ee7a3a45c	Amplified	ambient/soundscape/dark_signal/darksignal1	2.2	100.0
dark_signal	darksignal10_fa5f7e70fa	Amplified	ambient/soundscape/dark_signal/darksignal10	1.7	86.4
dark_signal	darksignal11_1ed5d270e5	Amplified	ambient/soundscape/dark_signal/darksignal11	2.1	100.0
dark_signal	darksignal12_d146dae260	Amplified	ambient/soundscape/dark_signal/darksignal12	2.0	99.9
dark_signal	darksignal13_145effec8d	Amplified	ambient/soundscape/dark_signal/darksignal13	2.4	100.0
dark_signal	darksignal14_dfb37951d4	Amplified	ambient/soundscape/dark_signal/darksignal14	1.5	76.8
dark_signal	darksignal15_a635ddcae4	Amplified	ambient/soundscape/dark_signal/darksignal15	1.6	81.0
dark_signal	darksignal16_4b8fb0ecc7	Amplified	ambient/soundscape/dark_signal/darksignal16	2.0	100.0
dark_signal	darksignal17_e10e54b888	Amplified	ambient/soundscape/dark_signal/darksignal17	1.6	78.3
dark_signal	darksignal18_2927ef75bd	Amplified	ambient/soundscape/dark_signal/darksignal18	2.4	100.0
dark_signal	darksignal2_1f4c93ec30	Amplified	ambient/soundscape/dark_signal/darksignal2	1.9	96.2
dark_signal	darksignal3_0a7fe70731	Amplified	ambient/soundscape/dark_signal/darksignal3	2.3	100.0
dark_signal	darksignal4_d3ee6849fe	Amplified	ambient/soundscape/dark_signal/darksignal4	2.5	100.0
dark_signal	darksignal5_417b4ef8a3	Amplified	ambient/soundscape/dark_signal/darksignal5	2.0	99.4
dark_signal	darksignal6_339a89083f	Amplified	ambient/soundscape/dark_signal/darksignal6	1.9	93.1
dark_signal	darksignal7_3194c0c98f	Amplified	ambient/soundscape/dark_signal/darksignal7	2.5	100.0
dark_signal	darksignal8_050a3cf314	Amplified	ambient/soundscape/dark_signal/darksignal8	1.6	78.8
dark_signal	darksignal9_f5e0134b57	Amplified	ambient/soundscape/dark_signal/darksignal9	2.0	99.1
dark_signal	radiosignal1_6b6be62e5b	Amplified	ambient/soundscape/dark_signal/radiosignal1	1.8	89.0
dark_signal	radiosignal10_23ff68a56d	Amplified	ambient/soundscape/dark_signal/radiosignal10	2.2	100.0
dark_signal	radiosignal11_1d7c30031f	Amplified	ambient/soundscape/dark_signal/radiosignal11	1.8	89.2
dark_signal	radiosignal12_277d14fcf8	Amplified	ambient/soundscape/dark_signal/radiosignal12	2.2	100.0
dark_signal	radiosignal13_48ebebf227	Amplified	ambient/soundscape/dark_signal/radiosignal13	2.1	100.0
dark_signal	radiosignal14_c7ae23c70d	Amplified	ambient/soundscape/dark_signal/radiosignal14	1.7	83.6
dark_signal	radiosignal15_241970c6e1	Amplified	ambient/soundscape/dark_signal/radiosignal15	2.4	100.0
dark_signal	radiosignal16_923f24a266	Amplified	ambient/soundscape/dark_signal/radiosignal16	2.4	100.0
dark_signal	radiosignal17_bdcd83ca15	Amplified	ambient/soundscape/dark_signal/radiosignal17	1.8	92.4
dark_signal	radiosignal18_889b3f6524	Amplified	ambient/soundscape/dark_signal/radiosignal18	2.4	100.0
dark_signal	radiosignal19_a22dba562a	Amplified	ambient/soundscape/dark_signal/radiosignal19	1.7	84.3
dark_signal	radiosignal2_a90cb415dd	Amplified	ambient/soundscape/dark_signal/radiosignal2	2.5	100.0
dark_signal	radiosignal20_cef69b36af	Amplified	ambient/soundscape/dark_signal/radiosignal20	1.7	84.9
dark_signal	radiosignal21_a37dfb94ca	Amplified	ambient/soundscape/dark_signal/radiosignal21	2.4	100.0
dark_signal	radiosignal22_cca79b824f	Amplified	ambient/soundscape/dark_signal/radiosignal22	1.9	93.4
dark_signal	radiosignal23_4be64d5e8a	Amplified	ambient/soundscape/dark_signal/radiosignal23	2.2	100.0
dark_signal	radiosignal24_9fac3b79ad	Amplified	ambient/soundscape/dark_signal/radiosignal24	2.0	100.0
dark_signal	radiosignal25_af12471ba3	Amplified	ambient/soundscape/dark_signal/radiosignal25	1.7	86.5
dark_signal	radiosignal26_34768ffac9	Amplified	ambient/soundscape/dark_signal/radiosignal26	2.1	100.0
dark_signal	radiosignal27_ba9a9b08c1	Amplified	ambient/soundscape/dark_signal/radiosignal27	1.6	79.1
dark_signal	radiosignal28_00ee647eb7	Amplified	ambient/soundscape/dark_signal/radiosignal28	1.9	94.9
dark_signal	radiosignal29_b230f9f54f	Amplified	ambient/soundscape/dark_signal/radiosignal29	2.3	100.0
dark_signal	radiosignal3_f311a2c4f6	Amplified	ambient/soundscape/dark_signal/radiosignal3	2.0	99.4
dark_signal	radiosignal30_82e9323810	Amplified	ambient/soundscape/dark_signal/radiosignal30	1.7	85.5
dark_signal	radiosignal31_c86b9e85f9	Amplified	ambient/soundscape/dark_signal/radiosignal31	2.0	98.0
dark_signal	radiosignal32_78860ef858	Amplified	ambient/soundscape/dark_signal/radiosignal32	2.0	100.0
dark_signal	radiosignal4_6337a5f3d5	Amplified	ambient/soundscape/dark_signal/radiosignal4	2.3	100.0
dark_signal	radiosignal5_2a1526cab2	Amplified	ambient/soundscape/dark_signal/radiosignal5	2.1	100.0
dark_signal	radiosignal6_84ec4428b5	Amplified	ambient/soundscape/dark_signal/radiosignal6	1.7	84.8
dark_signal	radiosignal7_01e5d9c017	Amplified	ambient/soundscape/dark_signal/radiosignal7	2.1	100.0
dark_signal	radiosignal8_4e39cb0db5	Amplified	ambient/soundscape/dark_signal/radiosignal8	1.6	80.0
dark_signal	radiosignal9_4a6efbcc0f	Amplified	ambient/soundscape/dark_signal/radiosignal9	1.9	94.3
dark_signal	white_noise_heavy_horror_1_white_noise_heavy_horror_1_000_46bdb7fa34	Amplified	radio/white_noise/white_noise_heavy_horror_1#white_noise_heavy_horror_1_000	2.4	100.0
dark_signal	white_noise_heavy_horror_1_white_noise_heavy_horror_1_001_63f6c6a940	Amplified	radio/white_noise/white_noise_heavy_horror_1#white_noise_heavy_horror_1_001	2.1	100.0
dark_signal	white_noise_heavy_horror_1_white_noise_heavy_horror_1_002_bc3d5514c5	Amplified	radio/white_noise/white_noise_heavy_horror_1#white_noise_heavy_horror_1_002	1.5	76.3
dark_signal	white_noise_heavy_horror_1_white_noise_heavy_horror_1_003_15bf47b21f	Amplified	radio/white_noise/white_noise_heavy_horror_1#white_noise_heavy_horror_1_003	1.7	83.3
dark_signal	white_noise_heavy_horror_1_white_noise_heavy_horror_1_004_c0858ee6e8	Amplified	radio/white_noise/white_noise_heavy_horror_1#white_noise_heavy_horror_1_004	2.0	100.0
dark_signal	white_noise_heavy_horror_1_white_noise_heavy_horror_1_005_ff85014463	Amplified	radio/white_noise/white_noise_heavy_horror_1#white_noise_heavy_horror_1_005	1.6	78.8
dark_signal	white_noise_heavy_horror_1_white_noise_heavy_horror_1_006_ffc5525c60	Amplified	radio/white_noise/white_noise_heavy_horror_1#white_noise_heavy_horror_1_006	2.2	100.0
dark_signal	white_noise_heavy_horror_1_white_noise_heavy_horror_1_007_f1c4b42de8	Amplified	radio/white_noise/white_noise_heavy_horror_1#white_noise_heavy_horror_1_007	2.5	100.0
dark_signal	white_noise_heavy_horror_1_white_noise_heavy_horror_1_008_4a5b1583ed	Amplified	radio/white_noise/white_noise_heavy_horror_1#white_noise_heavy_horror_1_008	2.0	99.0
dark_signal	walkie_talkie_k1_de00e2d072	DeadAir	ambient/lar_ambients/metro_horror/walkie_talkie_k1	2.0	100.0
dark_signal	walkie_talkie_k10_7646dcaa91	DeadAir	ambient/lar_ambients/metro_horror/walkie_talkie_k10	2.4	100.0
dark_signal	walkie_talkie_k11_79ab700e7b	DeadAir	ambient/lar_ambients/metro_horror/walkie_talkie_k11	2.4	100.0
dark_signal	walkie_talkie_k12_5eb1b64f3f	DeadAir	ambient/lar_ambients/metro_horror/walkie_talkie_k12	2.0	97.6
dark_signal	walkie_talkie_k13_6532ae1743	DeadAir	ambient/lar_ambients/metro_horror/walkie_talkie_k13	1.6	77.7
dark_signal	walkie_talkie_k14_0f3a9c5276	DeadAir	ambient/lar_ambients/metro_horror/walkie_talkie_k14	2.1	100.0
dark_signal	walkie_talkie_k15_2cf1a8ecb3	DeadAir	ambient/lar_ambients/metro_horror/walkie_talkie_k15	2.0	99.6
dark_signal	walkie_talkie_k16_9219524ce9	DeadAir	ambient/lar_ambients/metro_horror/walkie_talkie_k16	2.3	100.0
dark_signal	walkie_talkie_k17_57de3453e2	DeadAir	ambient/lar_ambients/metro_horror/walkie_talkie_k17	2.4	100.0
dark_signal	walkie_talkie_k18_ae7d711177	DeadAir	ambient/lar_ambients/metro_horror/walkie_talkie_k18	1.9	93.6
dark_signal	walkie_talkie_k19_c747cc1bb0	DeadAir	ambient/lar_ambients/metro_horror/walkie_talkie_k19	1.6	79.3
dark_signal	walkie_talkie_k2_03187f7007	DeadAir	ambient/lar_ambients/metro_horror/walkie_talkie_k2	1.9	95.3
dark_signal	walkie_talkie_k3_98d72f3c3d	DeadAir	ambient/lar_ambients/metro_horror/walkie_talkie_k3	2.4	100.0
dark_signal	walkie_talkie_k4_ed9a62e007	DeadAir	ambient/lar_ambients/metro_horror/walkie_talkie_k4	2.1	100.0
dark_signal	walkie_talkie_k5_20e3dd3d6e	DeadAir	ambient/lar_ambients/metro_horror/walkie_talkie_k5	1.8	88.3
dark_signal	walkie_talkie_k6_035b4667e1	DeadAir	ambient/lar_ambients/metro_horror/walkie_talkie_k6	1.9	96.2
dark_signal	walkie_talkie_k7_cb4c09eb34	DeadAir	ambient/lar_ambients/metro_horror/walkie_talkie_k7	1.6	78.5
dark_signal	walkie_talkie_k8_d96e7b0daa	DeadAir	ambient/lar_ambients/metro_horror/walkie_talkie_k8	1.5	75.8
dark_signal	walkie_talkie_k9_42dd71b533	DeadAir	ambient/lar_ambients/metro_horror/walkie_talkie_k9	2.3	100.0
dark_signal	walkie_talkie_m2_764010e027	DeadAir	ambient/lar_ambients/metro_horror/walkie_talkie_m2	1.8	91.9
dark_signal	walkie_talkie_m3_27e0e2e6b8	DeadAir	ambient/lar_ambients/metro_horror/walkie_talkie_m3	1.5	77.2
dark_signal	walkie_talkie_m4_84382d6a80	DeadAir	ambient/lar_ambients/metro_horror/walkie_talkie_m4	2.0	100.0
dark_signal	walkie_talkie_m5_45b1fa9122	DeadAir	ambient/lar_ambients/metro_horror/walkie_talkie_m5	2.2	100.0
dark_signal	walkie_talkie_m6_7108722ecd	DeadAir	ambient/lar_ambients/metro_horror/walkie_talkie_m6	1.8	91.8
dark_signal	walkie_talkie_m9_bfb82e7601	DeadAir	ambient/lar_ambients/metro_horror/walkie_talkie_m9	2.4	100.0
dark_signal	walkie_talkie_signal1_3b094452c2	DeadAir	ambient/lar_ambients/metro_horror/walkie_talkie_signal1	2.1	100.0
dark_signal	walkie_talkie_signal10_9f6fe7f148	DeadAir	ambient/lar_ambients/metro_horror/walkie_talkie_signal10	2.4	100.0
dark_signal	walkie_talkie_signal11_922b7dbd51	DeadAir	ambient/lar_ambients/metro_horror/walkie_talkie_signal11	2.5	100.0
dark_signal	walkie_talkie_signal12_cd8563f472	DeadAir	ambient/lar_ambients/metro_horror/walkie_talkie_signal12	1.9	96.0
dark_signal	walkie_talkie_signal13_268507f4fc	DeadAir	ambient/lar_ambients/metro_horror/walkie_talkie_signal13	2.1	100.0
dark_signal	walkie_talkie_signal2_c389ed2a4e	DeadAir	ambient/lar_ambients/metro_horror/walkie_talkie_signal2	2.5	100.0
dark_signal	walkie_talkie_signal3_d4a980f7ba	DeadAir	ambient/lar_ambients/metro_horror/walkie_talkie_signal3	1.8	92.4
dark_signal	walkie_talkie_signal4_9849fdf495	DeadAir	ambient/lar_ambients/metro_horror/walkie_talkie_signal4	1.9	96.2
dark_signal	walkie_talkie_signal5_df607f9d6d	DeadAir	ambient/lar_ambients/metro_horror/walkie_talkie_signal5	1.9	96.6
dark_signal	walkie_talkie_signal6_88a0338fbe	DeadAir	ambient/lar_ambients/metro_horror/walkie_talkie_signal6	1.9	94.6
dark_signal	walkie_talkie_signal7_5c79ad18eb	DeadAir	ambient/lar_ambients/metro_horror/walkie_talkie_signal7	1.7	87.0
dark_signal	walkie_talkie_signal8_22e1d7947a	DeadAir	ambient/lar_ambients/metro_horror/walkie_talkie_signal8	2.2	100.0
dark_signal	walkie_talkie_signal9_8b1e077b10	DeadAir	ambient/lar_ambients/metro_horror/walkie_talkie_signal9	2.2	100.0
drone	sound_03_51fb8f769a	RETUNE457	ambient/soundscape/underground/spooks_below/drone/sound_03	54.6	100.0
drone	sound_04_de452fc1b0	RETUNE457	ambient/soundscape/underground/spooks_below/drone/sound_04	54.5	100.0
drone	sound_05_5cdab4ddf5	RETUNE457	ambient/soundscape/underground/spooks_below/drone/sound_05	58.2	100.0
drone	sound_07_8a821e0cd0	RETUNE457	ambient/soundscape/underground/spooks_below/drone/sound_07	53.9	100.0
drone	sound_08_59793561c9	RETUNE457	ambient/soundscape/underground/spooks_below/drone/sound_08	46.3	100.0
drone	sound_09_85384fe160	RETUNE457	ambient/soundscape/underground/spooks_below/drone/sound_09	43.7	100.0
drone	sound_10_eb9392c31a	RETUNE457	ambient/soundscape/underground/spooks_below/drone/sound_10	50.4	100.0
drone	sound_11_9fcc75759c	RETUNE457	ambient/soundscape/underground/spooks_below/drone/sound_11	50.1	100.0
drone	sound_11_611439329e	RETUNE457	ambient/trx/spooks_below/drone/sound_11	50.0	100.0
foliage	foliage1_3810c5e101	Amplified	ambient/soundscape/foliage/Foliage1	58.9	100.0
foliage	foliage5_51aa1a04fe	Amplified	ambient/soundscape/foliage/Foliage5	60.8	100.0
foliage	foliage10_11025bf5a6	Amplified	ambient/soundscape/foliage/Foliage10	48.5	100.0
foliage	foliage2_4502ea6c1e	Amplified	ambient/soundscape/foliage/Foliage2	52.9	100.0
foliage	foliage3_64bbfc526e	Amplified	ambient/soundscape/foliage/Foliage3	39.8	95.6
foliage	foliage4_4b2fa5ef87	Amplified	ambient/soundscape/foliage/Foliage4	56.1	100.0
foliage	foliage6_9a21af31e6	Amplified	ambient/soundscape/foliage/Foliage6	52.9	100.0
foliage	foliage7_d845349571	Amplified	ambient/soundscape/foliage/Foliage7	59.1	100.0
foliage	foliage8_b6d2da0adb	Amplified	ambient/soundscape/foliage/Foliage8	41.3	99.2
foliage	foliage9_659361b904	Amplified	ambient/soundscape/foliage/Foliage9	47.5	100.0
foliage	snapmed1_b81414bb28	Amplified	ambient/soundscape/foliage/Snapmed1	44.9	100.0
foliage	snapmed2_3e20d74ecb	Amplified	ambient/soundscape/foliage/Snapmed2	58.3	100.0
foliage	snapmed3_fbc5a32056	Amplified	ambient/soundscape/foliage/Snapmed3	53.9	100.0
foliage	snapmed4_48fc2bda69	Amplified	ambient/soundscape/foliage/Snapmed4	55.3	100.0
foliage	snapmed5_a39ffbb37e	Amplified	ambient/soundscape/foliage/Snapmed5	47.9	100.0
foliage	snapmed6_9c1b9c4391	Amplified	ambient/soundscape/foliage/Snapmed6	53.8	100.0
foliage	snapmed7_7407207da0	Amplified	ambient/soundscape/foliage/Snapmed7	61.8	100.0
foliage	spooksway1_7e7969b3b3	Amplified	ambient/soundscape/foliage/spookSway1	53.8	100.0
foliage	spooksway10_1179034e62	Amplified	ambient/soundscape/foliage/spookSway10	43.7	100.0
foliage	spooksway11_eee66df0f8	Amplified	ambient/soundscape/foliage/spookSway11	58.8	100.0
foliage	spooksway12_2b9c2d72ed	Amplified	ambient/soundscape/foliage/spookSway12	61.1	100.0
foliage	spooksway13_511f300b29	Amplified	ambient/soundscape/foliage/spookSway13	56.7	100.0
foliage	spooksway2_405b9c5ef7	Amplified	ambient/soundscape/foliage/spookSway2	39.1	93.9
foliage	spooksway3_8f8ee513c7	Amplified	ambient/soundscape/foliage/spookSway3	44.1	100.0
foliage	spooksway4_789445ba71	Amplified	ambient/soundscape/foliage/spookSway4	43.0	100.0
foliage	spooksway5_7b3637459b	Amplified	ambient/soundscape/foliage/spookSway5	59.3	100.0
foliage	spooksway6_70ad5056cb	Amplified	ambient/soundscape/foliage/spookSway6	57.6	100.0
foliage	spooksway7_3a62b1a6f4	Amplified	ambient/soundscape/foliage/spookSway7	38.7	92.8
foliage	spooksway8_5c89a7fe7c	Amplified	ambient/soundscape/foliage/spookSway8	49.9	100.0
foliage	spooksway9_2760aed0bd	Amplified	ambient/soundscape/foliage/spookSway9	59.6	100.0
foliage	sway_10_037beed9ca	Amplified	ambient/soundscape/foliage/Sway_10	55.0	100.0
foliage	sway_11_0ed35272f9	Amplified	ambient/soundscape/foliage/Sway_11	48.6	100.0
foliage	sway_12_4bfb850aee	Amplified	ambient/soundscape/foliage/Sway_12	40.7	97.7
foliage	sway_13_34c5fab2bf	Amplified	ambient/soundscape/foliage/Sway_13	59.9	100.0
foliage	sway_14_beeb456889	Amplified	ambient/soundscape/foliage/Sway_14	40.4	97.1
foliage	sway_15_db4cda003d	Amplified	ambient/soundscape/foliage/Sway_15	47.3	100.0
foliage	sway_16_5344c629dd	Amplified	ambient/soundscape/foliage/Sway_16	50.4	100.0
foliage	sound_01_642a7f5250	AudioExpansion	ambient/trx/nature/rustle/sound_01	59.6	75.0
foliage	sound_02_c9079dfae3	AudioExpansion	ambient/trx/nature/rustle/sound_02	55.4	75.0
foliage	sound_03_00d90bbbce	AudioExpansion	ambient/trx/nature/rustle/sound_03	39.0	75.0
foliage	sound_04_5bcbddb5fe	AudioExpansion	ambient/trx/nature/rustle/sound_04	55.9	75.0
foliage	sound_05_c4fae2eddf	AudioExpansion	ambient/trx/nature/rustle/sound_05	53.4	75.0
foliage	sound_06_d90e04b492	AudioExpansion	ambient/trx/nature/rustle/sound_06	43.8	75.0
foliage	sound_07_26412d1e51	AudioExpansion	ambient/trx/nature/rustle/sound_07	49.7	75.0
foliage	sound_08_cd3966634e	AudioExpansion	ambient/trx/nature/rustle/sound_08	49.0	75.0
foliage	sound_09_3f454929ca	AudioExpansion	ambient/trx/nature/rustle/sound_09	51.8	75.0
foliage	sound_10_04e5fe306b	AudioExpansion	ambient/trx/nature/rustle/sound_10	58.3	75.0
foliage	sound_11_4cf97bc81f	AudioExpansion	ambient/trx/nature/rustle/sound_11	54.1	75.0
foliage	tree_creak_01_87b2df7395	DeadAir	ambient/lar_ambients/lar_tree/tree_creak_01	49.2	118.0
foliage	tree_creak_02_b280be90f8	DeadAir	ambient/lar_ambients/lar_tree/tree_creak_02	48.7	116.8
foliage	tree_creak_03_447b9e9698	DeadAir	ambient/lar_ambients/lar_tree/tree_creak_03	47.1	112.9
foliage	tree_creak_04_c5fbcd54ba	DeadAir	ambient/lar_ambients/lar_tree/tree_creak_04	54.9	131.9
foliage	tree_creak_05_c45694e355	DeadAir	ambient/lar_ambients/lar_tree/tree_creak_05	58.3	140.0
foliage	tree_creak_06_456b39a5a9	DeadAir	ambient/lar_ambients/lar_tree/tree_creak_06	54.1	129.9
foliage	tree_creak_07_f049103200	DeadAir	ambient/lar_ambients/lar_tree/tree_creak_07	38.0	91.3
foliage	tree_creak_08_2fc75c10d4	DeadAir	ambient/lar_ambients/lar_tree/tree_creak_08	54.7	131.2
foliage	tree_creak_09_b18e2abb9a	DeadAir	ambient/lar_ambients/lar_tree/tree_creak_09	58.8	141.1
foliage	tree_creak_10_f2637a1fb1	DeadAir	ambient/lar_ambients/lar_tree/tree_creak_10	42.1	101.1
foliage	rustle_01_488ad1f6c3	SoP	material/step/rustle/rustle_01	16.0	32.0
foliage	rustle_02_9512bc266e	SoP	material/step/rustle/rustle_02	16.0	32.0
foliage	rustle_03_495799385e	SoP	material/step/rustle/rustle_03	16.0	32.0
foliage	rustle_04_7370e00b04	SoP	material/step/rustle/rustle_04	16.0	32.0
gunfire	rnd_shooting_6_f18aaf3c5b	OGSE	ambient/rnd_outdoor/rnd_shooting_6	45.5	109.2
gunfire	sound_32_020d83f5b4	RETUNE457	ambient/trx/spooks_above/shooting/sound_32	46.8	100.0
gunfire	rnd_shooting_1_f9f7d2e867	DeadAir	ambient/rnd_outdoor/rnd_shooting_1	51.2	122.8
gunfire	rnd_shooting_11_d352a81981	DeadAir	ambient/rnd_outdoor/rnd_shooting_11	40.1	96.2
gunfire	rnd_shooting_12_07efaf5f66	DeadAir	ambient/rnd_outdoor/rnd_shooting_12	54.6	131.1
gunfire	rnd_shooting_13_6bb6983d47	DeadAir	ambient/rnd_outdoor/rnd_shooting_13	39.5	94.9
gunfire	rnd_shooting_14_250f3a9da5	DeadAir	ambient/rnd_outdoor/rnd_shooting_14	62.4	149.7
gunfire	rnd_shooting_15_085fa02cb5	DeadAir	ambient/rnd_outdoor/rnd_shooting_15	44.0	105.5
gunfire	rnd_shooting_16_db152e627e	DeadAir	ambient/rnd_outdoor/rnd_shooting_16	42.4	101.9
gunfire	rnd_shooting_17_afc0fb9121	DeadAir	ambient/rnd_outdoor/rnd_shooting_17	55.7	133.8
gunfire	rnd_shooting_18_4b4b1d638f	DeadAir	ambient/rnd_outdoor/rnd_shooting_18	48.1	115.3
gunfire	rnd_shooting_19_d599113eaa	DeadAir	ambient/rnd_outdoor/rnd_shooting_19	43.5	104.4
gunfire	rnd_distantmortar3_95b8f89fba	OGSE	ambient/random/rnd_distantmortar3	52.2	125.3
gunfire	rnd_shooting_1_e6b70d6f66	OGSE	ambient/rnd_outdoor/rnd_shooting_1	39.3	94.4
gunfire	rnd_shooting_10_32a9498576	OGSE	ambient/rnd_outdoor/rnd_shooting_10	58.0	139.2
gunfire	rnd_shooting_4_cda49eea68	OGSE	ambient/rnd_outdoor/rnd_shooting_4	53.1	75.0
gunfire	rnd_shooting_7_fc33773532	OGSE	ambient/rnd_outdoor/rnd_shooting_7	53.2	75.0
gunfire	rnd_shooting_1_15c70f8710	Prosector	ambient/rnd_outdoor/rnd_shooting_1	42.3	75.0
gunfire	rnd_shooting_10_d04f8d4586	Prosector	ambient/rnd_outdoor/rnd_shooting_10	40.5	75.0
gunfire	rnd_shooting_2_c7d7b9f678	Prosector	ambient/rnd_outdoor/rnd_shooting_2	44.7	75.0
gunfire	rnd_shooting_3_3f05a46cb7	Prosector	ambient/rnd_outdoor/rnd_shooting_3	58.0	75.0
gunfire	rnd_shooting_5_adebb9e874	Prosector	ambient/rnd_outdoor/rnd_shooting_5	38.5	75.0
gunfire	rnd_shooting_6_d764015c5c	Prosector	ambient/rnd_outdoor/rnd_shooting_6	54.0	75.0
gunfire	rnd_shooting_8_ac2b1f906c	Prosector	ambient/rnd_outdoor/rnd_shooting_8	49.1	75.0
gunfire	rnd_shooting_9_564a199ad5	Prosector	ambient/rnd_outdoor/rnd_shooting_9	49.4	75.0
gunfire	fog_shooting_11_0e6cb53b42	Solyanka	ambient/rnd_outdoor/fog_shooting_11	56.1	120.0
gunfire	fog_shooting_12_cc852d3e72	Solyanka	ambient/rnd_outdoor/fog_shooting_12	44.1	105.9
gunfire	fog_shooting_13_494d96178d	Solyanka	ambient/rnd_outdoor/fog_shooting_13	38.0	91.2
gunfire	fog_shooting_14_f18143215b	Solyanka	ambient/rnd_outdoor/fog_shooting_14	38.0	91.1
gunfire	fog_shooting_15_947ea03efc	Solyanka	ambient/rnd_outdoor/fog_shooting_15	62.3	120.0
gunfire	fog_shooting_16_9264f2511c	Solyanka	ambient/rnd_outdoor/fog_shooting_16	44.4	106.5
gunfire	fog_shooting_17_112a1c6284	Solyanka	ambient/rnd_outdoor/fog_shooting_17	56.5	120.0
gunfire	fog_shooting_18_078c4de819	Solyanka	ambient/rnd_outdoor/fog_shooting_18	56.4	120.0
gunfire	fog_shooting_19_627f3d86bb	Solyanka	ambient/rnd_outdoor/fog_shooting_19	52.4	120.0
gunfire	rnd_shooting_1_7b9407b4f6	Solyanka	ambient/rnd_outdoor/rnd_shooting_1	53.4	128.1
gunfire	rnd_shooting_10_94456efcc2	Solyanka	ambient/rnd_outdoor/rnd_shooting_10	49.3	118.2
gunfire	rnd_shooting_11_fa339922cb	Solyanka	ambient/rnd_outdoor/rnd_shooting_11	61.5	90.0
gunfire	rnd_shooting_4_a44abb4e2b	Solyanka	ambient/rnd_outdoor/rnd_shooting_4	43.9	105.5
gunfire	rnd_shooting_3_d77243e04a	vanilla	ambient/rnd_outdoor/rnd_shooting_3	47.2	113.2
industrial	drone1_6f28f6ba31	Amplified	ambient/soundscape/Spoops/day_drones/drone1	31.0	73.3
industrial	drone19_152ed6740a	Amplified	ambient/soundscape/Spoops/day_drones/drone19	28.2	66.7
industrial	drone10_f70574d15e	Amplified	ambient/soundscape/Spoops/day_drones/drone10	24.7	58.4
industrial	drone28_7b8efe6d2b	Amplified	ambient/soundscape/Spoops/drones/drone28	30.7	72.5
industrial	drone28_f088f7cfa5	Amplified	ambient/soundscape/Spoops/urban_drones/drone28	26.0	61.5
industrial	drone11_baa412872d	Amplified	ambient/soundscape/Spoops/day_drones/drone11	24.5	57.9
industrial	drone12_8c2e2b6efe	Amplified	ambient/soundscape/Spoops/day_drones/drone12	30.9	72.9
industrial	drone13_bbacf1451d	Amplified	ambient/soundscape/Spoops/day_drones/drone13	27.4	64.7
industrial	drone14_0ebc43f995	Amplified	ambient/soundscape/Spoops/day_drones/drone14	24.4	57.8
industrial	drone15_11b62e4ed9	Amplified	ambient/soundscape/Spoops/day_drones/drone15	28.3	67.0
industrial	drone16_f5df5775bb	Amplified	ambient/soundscape/Spoops/day_drones/drone16	26.8	63.3
industrial	drone17_fc9f1a2ed9	Amplified	ambient/soundscape/Spoops/day_drones/drone17	27.6	65.1
industrial	drone18_b53faf4ac6	Amplified	ambient/soundscape/Spoops/day_drones/drone18	24.8	58.5
industrial	drone2_db6455954d	Amplified	ambient/soundscape/Spoops/day_drones/drone2	32.7	77.2
industrial	drone20_1c5b42945c	Amplified	ambient/soundscape/Spoops/day_drones/drone20	27.4	64.8
industrial	drone21_3e254a3fba	Amplified	ambient/soundscape/Spoops/day_drones/drone21	26.0	61.4
industrial	drone22_73a0e4adbd	Amplified	ambient/soundscape/Spoops/day_drones/drone22	25.5	60.3
industrial	drone23_7b86540628	Amplified	ambient/soundscape/Spoops/day_drones/drone23	30.3	71.7
industrial	drone24_dbc8763576	Amplified	ambient/soundscape/Spoops/day_drones/drone24	21.7	51.2
industrial	drone3_e31b1de9be	Amplified	ambient/soundscape/Spoops/day_drones/drone3	21.4	50.6
industrial	drone4_3f28b2c948	Amplified	ambient/soundscape/Spoops/day_drones/drone4	29.9	70.6
industrial	drone5_a4f0255827	Amplified	ambient/soundscape/Spoops/day_drones/drone5	30.0	70.9
industrial	drone17_e631efc782	Amplified	ambient/soundscape/Spoops/drones/drone17	34.3	81.0
industrial	drone6_deabab3b9a	Amplified	ambient/soundscape/Spoops/day_drones/drone6	26.1	61.8
industrial	drone7_8dd688d7f2	Amplified	ambient/soundscape/Spoops/day_drones/drone7	27.1	63.9
industrial	drone9_18fc3be04c	Amplified	ambient/soundscape/Spoops/day_drones/drone9	32.9	77.7
industrial	drone10_24dd18517d	Amplified	ambient/soundscape/Spoops/drones/drone10	32.6	77.0
industrial	drone11_d0fae41c13	Amplified	ambient/soundscape/Spoops/drones/drone11	23.5	55.5
industrial	drone12_ffbfa08003	Amplified	ambient/soundscape/Spoops/drones/drone12	24.1	57.1
industrial	drone13_1c8ca24404	Amplified	ambient/soundscape/Spoops/drones/drone13	29.5	69.7
industrial	drone14_a14e8da803	Amplified	ambient/soundscape/Spoops/drones/drone14	20.7	49.0
industrial	drone15_86dd0c066a	Amplified	ambient/soundscape/Spoops/drones/drone15	26.3	62.1
industrial	drone16_8083c9a94b	Amplified	ambient/soundscape/Spoops/drones/drone16	25.7	60.8
industrial	drone18_7b33b5b6f9	Amplified	ambient/soundscape/Spoops/drones/drone18	31.4	74.2
industrial	drone19_8d8f70d8bb	Amplified	ambient/soundscape/Spoops/drones/drone19	31.4	74.1
industrial	drone2_fe0915255c	Amplified	ambient/soundscape/Spoops/drones/drone2	30.1	71.1
industrial	drone20_e7f0e2a2e4	Amplified	ambient/soundscape/Spoops/drones/drone20	30.9	73.1
industrial	drone21_661819896b	Amplified	ambient/soundscape/Spoops/drones/drone21	30.3	71.6
industrial	drone22_719ca891d9	Amplified	ambient/soundscape/Spoops/drones/drone22	30.3	71.6
industrial	drone25_1d1d910af1	Amplified	ambient/soundscape/Spoops/drones/drone25	31.7	74.8
industrial	drone27_ac160a76d5	Amplified	ambient/soundscape/Spoops/drones/drone27	20.9	49.3
industrial	drone29_3ad6940d4b	Amplified	ambient/soundscape/Spoops/drones/drone29	30.9	73.0
industrial	drone3_e97756a0b9	Amplified	ambient/soundscape/Spoops/drones/drone3	26.4	62.3
industrial	drone32_82b4c2624b	Amplified	ambient/soundscape/Spoops/drones/drone32	23.2	54.8
industrial	drone33_b056805227	Amplified	ambient/soundscape/Spoops/drones/drone33	24.8	58.6
industrial	drone34_01be2612bd	Amplified	ambient/soundscape/Spoops/drones/drone34	25.7	60.7
industrial	drone35_7b4ffab9be	Amplified	ambient/soundscape/Spoops/drones/drone35	21.6	51.0
industrial	drone36_3525bc3ea5	Amplified	ambient/soundscape/Spoops/drones/drone36	25.6	60.6
industrial	drone37_889568d2bd	Amplified	ambient/soundscape/Spoops/drones/drone37	21.2	50.1
industrial	drone38_580dac49e9	Amplified	ambient/soundscape/Spoops/drones/drone38	30.2	71.5
industrial	drone39_e84d70e2f7	Amplified	ambient/soundscape/Spoops/drones/drone39	21.7	51.2
industrial	drone41_ed20c7cb5f	Amplified	ambient/soundscape/Spoops/drones/drone41	21.1	50.0
industrial	drone5_71905e5af5	Amplified	ambient/soundscape/Spoops/drones/drone5	22.4	52.9
industrial	drone8_531a4bf2d3	Amplified	ambient/soundscape/Spoops/drones/drone8	28.8	68.1
industrial	drone9_0941571ce3	Amplified	ambient/soundscape/Spoops/drones/drone9	27.3	64.4
industrial	drone1_bb776573c0	Amplified	ambient/soundscape/Spoops/urban_drones/drone1	34.0	80.4
industrial	drone14_d86317e9e2	Amplified	ambient/soundscape/Spoops/urban_drones/drone14	22.0	52.0
industrial	drone15_b36802def8	Amplified	ambient/soundscape/Spoops/urban_drones/drone15	32.9	77.7
industrial	drone16_3b65307008	Amplified	ambient/soundscape/Spoops/urban_drones/drone16	23.0	54.3
industrial	drone17_1c1ae1cba4	Amplified	ambient/soundscape/Spoops/urban_drones/drone17	21.5	50.9
industrial	drone18_eb1ca34ca5	Amplified	ambient/soundscape/Spoops/urban_drones/drone18	20.7	48.8
industrial	drone19_944ee3e15a	Amplified	ambient/soundscape/Spoops/urban_drones/drone19	24.2	57.2
industrial	drone20_2c70da8890	Amplified	ambient/soundscape/Spoops/urban_drones/drone20	32.6	76.9
industrial	drone21_06986c4d58	Amplified	ambient/soundscape/Spoops/urban_drones/drone21	21.5	50.9
industrial	drone24_10b3a41719	Amplified	ambient/soundscape/Spoops/urban_drones/drone24	34.1	80.6
industrial	drone26_4ec50dfaf1	Amplified	ambient/soundscape/Spoops/urban_drones/drone26	25.7	60.7
industrial	drone27_1de2bbe3d9	Amplified	ambient/soundscape/Spoops/urban_drones/drone27	30.0	71.0
industrial	drone29_51a6e2ae7e	Amplified	ambient/soundscape/Spoops/urban_drones/drone29	30.2	71.4
industrial	drone30_dc484c58bd	Amplified	ambient/soundscape/Spoops/urban_drones/drone30	21.2	50.2
industrial	drone31_c8a404f9c0	Amplified	ambient/soundscape/Spoops/urban_drones/drone31	26.4	62.5
industrial	drone32_353d7bc2c3	Amplified	ambient/soundscape/Spoops/urban_drones/drone32	26.9	63.7
industrial	drone33_a252e1d450	Amplified	ambient/soundscape/Spoops/urban_drones/drone33	27.8	65.7
industrial	drone34_e78e4b5091	Amplified	ambient/soundscape/Spoops/urban_drones/drone34	23.2	54.8
industrial	drone35_a2e6c7320b	Amplified	ambient/soundscape/Spoops/urban_drones/drone35	26.2	61.9
industrial	drone36_0e86ed1363	Amplified	ambient/soundscape/Spoops/urban_drones/drone36	21.3	50.3
industrial	drone37_1883f472e0	Amplified	ambient/soundscape/Spoops/urban_drones/drone37	23.0	54.3
industrial	drone38_3f1ec53a2d	Amplified	ambient/soundscape/Spoops/urban_drones/drone38	22.4	52.9
industrial	drone39_f2f8cff405	Amplified	ambient/soundscape/Spoops/urban_drones/drone39	21.6	51.1
industrial	drone40_4338e7b24f	Amplified	ambient/soundscape/Spoops/urban_drones/drone40	20.9	49.3
industrial	drone41_4708b5b8b9	Amplified	ambient/soundscape/Spoops/urban_drones/drone41	33.1	78.3
industrial	drone42_d19efee716	Amplified	ambient/soundscape/Spoops/urban_drones/drone42	33.1	78.3
industrial	drone44_5f60a94887	Amplified	ambient/soundscape/Spoops/urban_drones/drone44	32.6	77.1
industrial	drone45_f66406ab3a	Amplified	ambient/soundscape/Spoops/urban_drones/drone45	33.7	79.6
industrial	drone46_545894eae8	Amplified	ambient/soundscape/Spoops/urban_drones/drone46	22.7	53.7
industrial	drone47_6aa2539f10	Amplified	ambient/soundscape/Spoops/urban_drones/drone47	21.1	50.0
industrial	drone48_9b6ac8c7b2	Amplified	ambient/soundscape/Spoops/urban_drones/drone48	32.3	76.3
industrial	drone50_79176ebe00	Amplified	ambient/soundscape/Spoops/urban_drones/drone50	26.5	62.7
industrial	drone51_cbc0c6a2b7	Amplified	ambient/soundscape/Spoops/urban_drones/drone51	31.1	73.4
industrial	drone52_62e14daf25	Amplified	ambient/soundscape/Spoops/urban_drones/drone52	26.9	63.5
industrial	drone53_8f49f57b60	Amplified	ambient/soundscape/Spoops/urban_drones/drone53	30.5	72.0
industrial	drone54_1bb8682141	Amplified	ambient/soundscape/Spoops/urban_drones/drone54	28.4	67.1
industrial	drone55_69ef542495	Amplified	ambient/soundscape/Spoops/urban_drones/drone55	33.0	77.9
industrial	drone7_80171697ad	Amplified	ambient/soundscape/Spoops/urban_drones/drone7	23.5	55.5
industrial	drone8_7877947859	Amplified	ambient/soundscape/Spoops/urban_drones/drone8	24.5	57.8
labs	underground_7_93eb264d78	Amplified	ambient/soundscape/background/Underground/underground_7	87.4	100.0
labs	under_100_c190fe5c9e	Amplified	ambient/soundscape/underground/under_100	77.8	90.8
labs	under_21_eea8f0c6d7	Amplified	ambient/soundscape/underground/under_21	73.8	86.1
labs	hit_3_2ca10e9415	DeadAir	ambient/ugrnd/hit_3	100.2	116.9
labs	steam_1_ea662b2f0b	Amplified	ambient/underground/steam_1	10.0	20.0
labs	klaxon_1_bf1f6f4ea3	Amplified	ambient/x16/klaxon_1	50.0	100.0
labs	klaxon_2_3fc9bfa56f	Amplified	ambient/x16/klaxon_2	79.8	93.1
labs	klaxon_3_e99188ee26	Amplified	ambient/x16/klaxon_3	98.8	100.0
labs	x16_begin_58399c4acc	Amplified	ambient/x16/x16_begin	93.9	100.0
labs	x16_brain_death_1e54d6bbbb	Amplified	ambient/x16/x16_brain_death	81.5	95.1
labs	x16_brain_stop_5e4280c847	Amplified	ambient/x16/x16_brain_stop	50.0	100.0
labs	x16_engine1_run_789b87702d	Amplified	ambient/x16/x16_engine1_run	71.8	83.8
labs	x16_engine2_run_e94c7671a8	Amplified	ambient/x16/x16_engine2_run	50.0	100.0
labs	sound_58_ba723be709	AudioExpansion	ambient/trx/spooks_below/ambient/sound_58	106.4	124.1
labs	sound_49_f2daac9e15	AudioExpansion	ambient/trx/spooks_below/noise/sound_49	92.8	108.3
labs	ugrnd_metal_6_7d3ddfa2fa	DeadAir	ambient/ugrnd/ugrnd_metal_6	95.4	111.3
labs	sound_07_ce47935ea5	DarkSignal304	ambient/soundscape/underground/spooks_below/noise/sound_07	92.9	108.4
labs	sound_01_273e7e98a6	RETUNE457	ambient/soundscape/underground/spooks_below/ambient/sound_01	50.0	100.0
labs	sound_02_50fa9a22d6	RETUNE457	ambient/soundscape/underground/spooks_below/ambient/sound_02	50.0	100.0
labs	sound_04_7164290b5b	RETUNE457	ambient/soundscape/underground/spooks_below/metal/sound_04	79.9	93.2
labs	sound_04_3e668aa7a6	RETUNE457	ambient/soundscape/underground/spooks_below/noise/sound_04	90.7	100.0
labs	sound_03_8ff99a5872	RETUNE457	ambient/soundscape/underground/spooks_below/ambient/sound_03	96.3	100.0
labs	sound_07_72edc666de	RETUNE457	ambient/soundscape/underground/spooks_below/ambient/sound_07	70.0	81.7
labs	sound_08_3bd836a9b7	RETUNE457	ambient/soundscape/underground/spooks_below/ambient/sound_08	70.7	82.5
labs	sound_09_b32d327946	RETUNE457	ambient/soundscape/underground/spooks_below/ambient/sound_09	50.0	100.0
labs	sound_12_4e28bb0d08	RETUNE457	ambient/soundscape/underground/spooks_below/ambient/sound_12	89.3	100.0
labs	sound_01_6775fa6288	RETUNE457	ambient/soundscape/underground/spooks_below/banging/sound_01	69.3	80.8
labs	sound_02_841c5688c4	RETUNE457	ambient/soundscape/underground/spooks_below/banging/sound_02	95.1	100.0
labs	sound_03_eff8245b6e	RETUNE457	ambient/soundscape/underground/spooks_below/banging/sound_03	82.8	96.6
labs	sound_04_86a7964da4	RETUNE457	ambient/soundscape/underground/spooks_below/banging/sound_04	83.9	97.9
labs	sound_05_922d5efda3	RETUNE457	ambient/soundscape/underground/spooks_below/banging/sound_05	90.8	100.0
labs	sound_06_4aa3268fcf	RETUNE457	ambient/soundscape/underground/spooks_below/banging/sound_06	90.0	100.0
labs	sound_07_975ca0dd4e	RETUNE457	ambient/soundscape/underground/spooks_below/banging/sound_07	92.1	100.0
labs	sound_09_85384fe160	RETUNE457	ambient/soundscape/underground/spooks_below/banging/sound_09	78.6	91.7
labs	sound_10_eb9392c31a	RETUNE457	ambient/soundscape/underground/spooks_below/banging/sound_10	90.7	100.0
labs	sound_01_5d72fbb8ea	RETUNE457	ambient/soundscape/underground/spooks_below/machine/sound_01	73.2	85.4
labs	sound_02_9f71210587	RETUNE457	ambient/soundscape/underground/spooks_below/machine/sound_02	71.6	83.6
labs	sound_03_8757e8edef	RETUNE457	ambient/soundscape/underground/spooks_below/machine/sound_03	99.9	100.0
labs	sound_04_cf3d6d5f81	RETUNE457	ambient/soundscape/underground/spooks_below/machine/sound_04	97.7	100.0
labs	sound_05_31c1b13743	RETUNE457	ambient/soundscape/underground/spooks_below/machine/sound_05	84.8	98.9
labs	sound_06_9adef85fe8	RETUNE457	ambient/soundscape/underground/spooks_below/machine/sound_06	82.4	96.2
labs	sound_08_674cc95ad6	RETUNE457	ambient/soundscape/underground/spooks_below/machine/sound_08	89.8	100.0
labs	sound_09_111db3a7bc	RETUNE457	ambient/soundscape/underground/spooks_below/machine/sound_09	87.5	100.0
labs	sound_11_bedfee8517	RETUNE457	ambient/soundscape/underground/spooks_below/machine/sound_11	50.0	100.0
labs	sound_12_1860456540	RETUNE457	ambient/soundscape/underground/spooks_below/machine/sound_12	70.7	82.5
labs	sound_01_48232b4b6a	RETUNE457	ambient/soundscape/underground/spooks_below/metal/sound_01	96.0	100.0
labs	sound_02_cb54d6d8c4	RETUNE457	ambient/soundscape/underground/spooks_below/metal/sound_02	69.7	81.3
labs	sound_02_3453348db4	RETUNE457	ambient/soundscape/underground/spooks_below/noise/sound_02	97.9	100.0
labs	sound_03_d1d702a442	RETUNE457	ambient/soundscape/underground/spooks_below/metal/sound_03	83.9	97.9
labs	sound_03_f78a10b87c	RETUNE457	ambient/soundscape/underground/spooks_below/noise/sound_03	85.8	100.0
labs	sound_05_68c763ca60	RETUNE457	ambient/soundscape/underground/spooks_below/metal/sound_05	77.9	90.9
labs	sound_05_19f9c55135	RETUNE457	ambient/soundscape/underground/spooks_below/noise/sound_05	50.0	100.0
labs	sound_07_e057a9351d	RETUNE457	ambient/soundscape/underground/spooks_below/metal/sound_07	68.1	79.5
labs	sound_08_61f4a42d9d	RETUNE457	ambient/soundscape/underground/spooks_below/metal/sound_08	83.4	97.3
labs	sound_09_6b8b9640e0	RETUNE457	ambient/soundscape/underground/spooks_below/metal/sound_09	50.0	100.0
labs	sound_09_cfb2b3c30e	RETUNE457	ambient/soundscape/underground/spooks_below/noise/sound_09	99.7	100.0
labs	sound_10_b74b4862ad	RETUNE457	ambient/soundscape/underground/spooks_below/metal/sound_10	50.0	100.0
labs	sound_10_f118464df9	RETUNE457	ambient/soundscape/underground/spooks_below/noise/sound_10	72.3	84.3
labs	sound_11_bb1c3ff865	RETUNE457	ambient/soundscape/underground/spooks_below/metal/sound_11	83.8	97.7
labs	sound_11_489dae2254	RETUNE457	ambient/soundscape/underground/spooks_below/noise/sound_11	50.0	100.0
labs	sound_12_d5dc3fb30c	RETUNE457	ambient/soundscape/underground/spooks_below/metal/sound_12	74.9	87.4
labs	sound_12_52c7603e71	RETUNE457	ambient/soundscape/underground/spooks_below/noise/sound_12	84.9	99.0
labs	sound_13_5a18be1549	RETUNE457	ambient/soundscape/underground/spooks_below/metal/sound_13	50.0	100.0
labs	sound_13_2c9d286128	RETUNE457	ambient/soundscape/underground/spooks_below/noise/sound_13	80.8	94.3
labs	sound_14_7805e1f29a	RETUNE457	ambient/soundscape/underground/spooks_below/metal/sound_14	89.9	100.0
labs	sound_07_4569571ce8	RETUNE457	ambient/soundscape/underground/spooks_below/noise/sound_07	88.2	100.0
labs	sound_08_5b6887f88b	RETUNE457	ambient/soundscape/underground/spooks_below/noise/sound_08	69.6	81.2
labs	sound_20_b6b1498fe4	RETUNE457	ambient/soundscape/underground/spooks_below/noise/sound_20	50.0	100.0
labs	sound_21_75ccd3cf35	RETUNE457	ambient/soundscape/underground/spooks_below/noise/sound_21	77.4	90.3
labs	sound_26_ffde3caf98	RETUNE457	ambient/soundscape/underground/spooks_below/noise/sound_26	87.1	100.0
labs	sound_27_68d9d6e24e	RETUNE457	ambient/soundscape/underground/spooks_below/noise/sound_27	95.1	100.0
labs	sound_28_44a22c950f	RETUNE457	ambient/soundscape/underground/spooks_below/noise/sound_28	88.5	100.0
labs	sound_01_bf8f047bf3	DarkSignal304	ambient/soundscape/underground/spooks_below/noise/sound_01	90.9	106.1
labs	sound_02_c7d05051cd	DarkSignal304	ambient/soundscape/underground/spooks_below/noise/sound_02	109.2	127.4
labs	sound_03_7587aa11da	DarkSignal304	ambient/soundscape/underground/spooks_below/noise/sound_03	94.8	110.6
labs	sound_04_f441cfe81b	DarkSignal304	ambient/soundscape/underground/spooks_below/noise/sound_04	72.2	84.2
labs	sound_05_0e32c3f233	DarkSignal304	ambient/soundscape/underground/spooks_below/noise/sound_05	110.5	128.9
labs	sound_06_c87caf5f0d	DarkSignal304	ambient/soundscape/underground/spooks_below/noise/sound_06	68.5	79.9
labs	sound_09_ab6424345c	DarkSignal304	ambient/soundscape/underground/spooks_below/noise/sound_09	68.7	80.1
labs	sound_11_abbc455904	DarkSignal304	ambient/soundscape/underground/spooks_below/noise/sound_11	95.4	111.3
labs	sound_12_022dac09ae	DarkSignal304	ambient/soundscape/underground/spooks_below/noise/sound_12	77.5	90.5
labs	sound_13_4f12216ece	DarkSignal304	ambient/soundscape/underground/spooks_below/noise/sound_13	97.7	114.0
labs	sound_14_fc3161d3ee	DarkSignal304	ambient/soundscape/underground/spooks_below/noise/sound_14	104.9	122.4
labs	sound_15_4cb2d1f3cc	DarkSignal304	ambient/soundscape/underground/spooks_below/noise/sound_15	109.6	127.9
labs	sound_16_1c71c77ab6	DarkSignal304	ambient/soundscape/underground/spooks_below/noise/sound_16	83.8	97.8
labs	klaxon_1_0b164a2775	DarkSignal304	ambient/x16/klaxon_1	107.5	125.4
labs	klaxon_2_5628f28f51	DarkSignal304	ambient/x16/klaxon_2	111.0	129.5
labs	klaxon_3_ab1da5b6f8	DarkSignal304	ambient/x16/klaxon_3	105.3	122.9
labs	x16_begin_1506eeda12	DarkSignal304	ambient/x16/x16_begin	105.3	122.8
labs	x16_brain_stop_eeaa5d78de	DarkSignal304	ambient/x16/x16_brain_stop	105.2	122.8
labs	x16_engine1_run_182de057ca	DarkSignal304	ambient/x16/x16_engine1_run	70.1	81.8
labs	x16_engine2_run_1e80e34858	DarkSignal304	ambient/x16/x16_engine2_run	90.4	105.5
labs	sound_22_7af7af8fa9	AudioExpansion	ambient/trx/spooks_below/ambient/sound_22	75.3	87.8
labs	sound_15_2d0e07388f	AudioExpansion	ambient/trx/spooks_below/ambient/sound_15	73.4	85.6
labs	sound_17_7034490bc5	AudioExpansion	ambient/trx/spooks_below/ambient/sound_17	93.2	108.7
labs	sound_18_24f53157df	AudioExpansion	ambient/trx/spooks_below/ambient/sound_18	107.4	125.3
labs	sound_19_bf2b5d3d9f	AudioExpansion	ambient/trx/spooks_below/ambient/sound_19	85.3	99.5
labs	sound_20_38611ef3f3	AudioExpansion	ambient/trx/spooks_below/ambient/sound_20	85.1	99.2
labs	sound_21_5086fbe472	AudioExpansion	ambient/trx/spooks_below/ambient/sound_21	100.3	117.1
labs	sound_23_57575690cc	AudioExpansion	ambient/trx/spooks_below/ambient/sound_23	106.3	124.0
labs	sound_24_1d5f6f9372	AudioExpansion	ambient/trx/spooks_below/ambient/sound_24	106.1	123.8
labs	sound_25_f0703adabc	AudioExpansion	ambient/trx/spooks_below/ambient/sound_25	77.3	90.1
labs	sound_26_ff286ce314	AudioExpansion	ambient/trx/spooks_below/ambient/sound_26	80.2	93.5
labs	sound_27_112dc9d6a2	AudioExpansion	ambient/trx/spooks_below/ambient/sound_27	97.2	113.4
labs	sound_28_e029866820	AudioExpansion	ambient/trx/spooks_below/ambient/sound_28	98.9	115.4
labs	sound_29_8461288909	AudioExpansion	ambient/trx/spooks_below/ambient/sound_29	74.3	86.6
labs	sound_30_5d1480ce1c	AudioExpansion	ambient/trx/spooks_below/ambient/sound_30	110.9	129.4
labs	sound_31_bdd4294bad	AudioExpansion	ambient/trx/spooks_below/ambient/sound_31	103.2	120.3
labs	sound_32_8a585b64c8	AudioExpansion	ambient/trx/spooks_below/ambient/sound_32	87.2	101.8
labs	sound_33_76a5f769d4	AudioExpansion	ambient/trx/spooks_below/ambient/sound_33	94.9	110.7
labs	sound_34_3b303ed466	AudioExpansion	ambient/trx/spooks_below/ambient/sound_34	84.9	99.0
labs	sound_35_07bddf5b4b	AudioExpansion	ambient/trx/spooks_below/ambient/sound_35	89.3	104.2
labs	sound_36_6a5fe90af1	AudioExpansion	ambient/trx/spooks_below/ambient/sound_36	91.0	106.2
labs	sound_37_5c8cb096e4	AudioExpansion	ambient/trx/spooks_below/ambient/sound_37	68.4	79.8
labs	sound_38_123b200d3d	AudioExpansion	ambient/trx/spooks_below/ambient/sound_38	84.2	98.2
labs	sound_39_5f1178ad39	AudioExpansion	ambient/trx/spooks_below/ambient/sound_39	95.6	111.5
labs	sound_47_bbb57deab7	AudioExpansion	ambient/trx/spooks_below/ambient/sound_47	103.1	120.3
labs	sound_40_7665555d35	AudioExpansion	ambient/trx/spooks_below/ambient/sound_40	101.0	117.8
labs	sound_48_83a2fe5ab1	AudioExpansion	ambient/trx/spooks_below/ambient/sound_48	89.4	104.3
labs	sound_41_e93431d4dc	AudioExpansion	ambient/trx/spooks_below/ambient/sound_41	87.3	101.8
labs	sound_49_17b84d326f	AudioExpansion	ambient/trx/spooks_below/ambient/sound_49	73.7	86.0
labs	sound_42_60cc1043f6	AudioExpansion	ambient/trx/spooks_below/ambient/sound_42	94.0	109.7
labs	sound_50_3d61569b64	AudioExpansion	ambient/trx/spooks_below/ambient/sound_50	102.2	119.2
labs	sound_43_a9aaf59655	AudioExpansion	ambient/trx/spooks_below/ambient/sound_43	109.3	127.5
labs	sound_44_b81bac69ce	AudioExpansion	ambient/trx/spooks_below/ambient/sound_44	76.9	89.7
labs	sound_45_20fb93f5f2	AudioExpansion	ambient/trx/spooks_below/ambient/sound_45	107.3	125.2
labs	sound_54_180c3dd4ad	AudioExpansion	ambient/trx/spooks_below/ambient/sound_54	69.5	81.0
labs	sound_52_6fec88cb06	AudioExpansion	ambient/trx/spooks_below/ambient/sound_52	89.5	104.4
labs	sound_56_227a2e538e	AudioExpansion	ambient/trx/spooks_below/ambient/sound_56	93.4	109.0
labs	sound_57_eed0bc314d	AudioExpansion	ambient/trx/spooks_below/ambient/sound_57	96.8	113.0
labs	sound_59_7a7d5a50f0	AudioExpansion	ambient/trx/spooks_below/ambient/sound_59	86.1	100.4
labs	sound_08_b33bb6ceef	AudioExpansion	ambient/trx/spooks_below/banging/sound_08	109.3	127.5
labs	sound_09_90ddc48dca	AudioExpansion	ambient/trx/spooks_below/banging/sound_09	102.8	119.9
labs	sound_10_6165f3504a	AudioExpansion	ambient/trx/spooks_below/banging/sound_10	100.1	116.8
labs	sound_11_98245b8941	AudioExpansion	ambient/trx/spooks_below/banging/sound_11	80.4	93.8
labs	sound_12_3cc9989574	AudioExpansion	ambient/trx/spooks_below/banging/sound_12	111.5	130.1
labs	sound_13_c0754ae32a	AudioExpansion	ambient/trx/spooks_below/banging/sound_13	88.8	103.6
labs	sound_14_b339a6aa81	AudioExpansion	ambient/trx/spooks_below/banging/sound_14	110.3	128.7
labs	sound_15_9c8594726b	AudioExpansion	ambient/trx/spooks_below/banging/sound_15	84.2	98.3
labs	sound_07_04774a52fb	AudioExpansion	ambient/trx/spooks_below/lab/sound_07	96.6	112.8
labs	sound_08_d83c2b0e6d	AudioExpansion	ambient/trx/spooks_below/lab/sound_08	107.3	125.1
labs	sound_09_2e4ca17b4a	AudioExpansion	ambient/trx/spooks_below/lab/sound_09	92.6	108.0
labs	sound_10_6af0db8163	AudioExpansion	ambient/trx/spooks_below/lab/sound_10	72.1	84.1
labs	sound_11_a51763ebb7	AudioExpansion	ambient/trx/spooks_below/lab/sound_11	94.1	109.8
labs	sound_12_312a14a846	AudioExpansion	ambient/trx/spooks_below/lab/sound_12	107.5	125.4
labs	sound_13_34a6567982	AudioExpansion	ambient/trx/spooks_below/lab/sound_13	92.1	107.5
labs	sound_14_a810faaa69	AudioExpansion	ambient/trx/spooks_below/lab/sound_14	80.2	93.6
labs	sound_15_0e2dc8feff	AudioExpansion	ambient/trx/spooks_below/lab/sound_15	99.7	116.4
labs	sound_16_f3cc72059c	AudioExpansion	ambient/trx/spooks_below/lab/sound_16	86.0	100.4
labs	sound_17_8d05a71a14	AudioExpansion	ambient/trx/spooks_below/lab/sound_17	107.0	124.9
labs	sound_18_bf8cd69e43	AudioExpansion	ambient/trx/spooks_below/lab/sound_18	105.5	123.1
labs	sound_19_387983f5b1	AudioExpansion	ambient/trx/spooks_below/lab/sound_19	95.5	111.5
labs	sound_20_e14ddbdb55	AudioExpansion	ambient/trx/spooks_below/lab/sound_20	88.0	102.7
labs	sound_21_486ec753bd	AudioExpansion	ambient/trx/spooks_below/lab/sound_21	72.1	84.1
labs	sound_01_4be1087e06	AudioExpansion	ambient/trx/spooks_below/lowchancerumble/sound_01	80.8	94.3
labs	sound_13_7171b4f93d	AudioExpansion	ambient/trx/spooks_below/machine/sound_13	99.6	116.2
labs	sound_14_b70f870e49	AudioExpansion	ambient/trx/spooks_below/machine/sound_14	72.8	84.9
labs	sound_15_ccbb241fa2	AudioExpansion	ambient/trx/spooks_below/machine/sound_15	93.5	109.1
labs	sound_16_b523923a39	AudioExpansion	ambient/trx/spooks_below/machine/sound_16	103.0	120.2
labs	sound_17_ffc3a1aa07	AudioExpansion	ambient/trx/spooks_below/machine/sound_17	93.6	109.2
labs	sound_18_9ac90c5e19	AudioExpansion	ambient/trx/spooks_below/machine/sound_18	78.9	92.1
labs	sound_19_43beb694f4	AudioExpansion	ambient/trx/spooks_below/machine/sound_19	73.7	86.0
labs	sound_20_9800c2bf40	AudioExpansion	ambient/trx/spooks_below/machine/sound_20	93.0	108.5
labs	sound_29_44e1718b1f	AudioExpansion	ambient/trx/spooks_below/noise/sound_29	110.2	128.6
labs	sound_30_cf3ccb2ac4	AudioExpansion	ambient/trx/spooks_below/noise/sound_30	80.7	94.1
labs	sound_31_e709dfdb81	AudioExpansion	ambient/trx/spooks_below/noise/sound_31	106.5	124.2
labs	sound_32_f601be2699	AudioExpansion	ambient/trx/spooks_below/noise/sound_32	85.3	99.5
labs	sound_33_3275f647b7	AudioExpansion	ambient/trx/spooks_below/noise/sound_33	110.2	128.5
labs	sound_34_0c7ff0299b	AudioExpansion	ambient/trx/spooks_below/noise/sound_34	94.7	110.5
labs	sound_35_28acc7d39b	AudioExpansion	ambient/trx/spooks_below/noise/sound_35	89.4	104.3
labs	sound_36_cf377e516c	AudioExpansion	ambient/trx/spooks_below/noise/sound_36	68.4	79.8
labs	sound_37_13689cf360	AudioExpansion	ambient/trx/spooks_below/noise/sound_37	75.8	88.4
labs	sound_38_8097be08e3	AudioExpansion	ambient/trx/spooks_below/noise/sound_38	91.4	106.6
labs	sound_39_3d00d1fc54	AudioExpansion	ambient/trx/spooks_below/noise/sound_39	81.3	94.8
labs	underground_bkg_1_75c266b5ab	DeadAir	ambient/background/underground_bkg_1	79.5	92.8
labs	pipe_moans_1_96b0b6c1e3	DeadAir	ambient/lar_ambients/metro_ambients/pipe_moans_1	89.6	104.5
labs	pipe_moans_2_0b813b6fd0	DeadAir	ambient/lar_ambients/metro_ambients/pipe_moans_2	74.0	86.4
labs	pipe_moans_3_5e0448307f	DeadAir	ambient/lar_ambients/metro_ambients/pipe_moans_3	90.9	106.0
labs	pipe_moans_4_bbb3e7ca14	DeadAir	ambient/lar_ambients/metro_ambients/pipe_moans_4	69.5	81.1
labs	ind_hit_2_3569da161b	DeadAir	ambient/lar_ambients/metro_tunnels/ind_hit_2	86.0	100.3
labs	ind_hit_3_b42686e98b	DeadAir	ambient/lar_ambients/metro_tunnels/ind_hit_3	85.0	99.2
labs	tun_air_1_bb8fcdea2a	DeadAir	ambient/lar_ambients/metro_tunnels/tun_air_1	72.1	84.1
labs	tun_air_2_71d636a41a	DeadAir	ambient/lar_ambients/metro_tunnels/tun_air_2	90.8	106.0
labs	tun_air_3_2c5f8cfda7	DeadAir	ambient/lar_ambients/metro_tunnels/tun_air_3	80.1	93.4
labs	tun_air_4_2fe2f456c4	DeadAir	ambient/lar_ambients/metro_tunnels/tun_air_4	98.4	114.8
labs	tun_air_5_6c74e45e26	DeadAir	ambient/lar_ambients/metro_tunnels/tun_air_5	69.4	81.0
labs	tun_air_6_9220ddb700	DeadAir	ambient/lar_ambients/metro_tunnels/tun_air_6	89.3	104.2
labs	tun_noise_4_6f0b96caba	DeadAir	ambient/lar_ambients/metro_tunnels/tun_noise_4	71.8	75.0
labs	tun_noise_5_c4b0f7babc	DeadAir	ambient/lar_ambients/metro_tunnels/tun_noise_5	67.8	75.0
labs	tun_noise_8_14272f47b4	DeadAir	ambient/lar_ambients/metro_tunnels/tun_noise_8	37.5	75.0
labs	tun_noise_9_29a91c1a53	DeadAir	ambient/lar_ambients/metro_tunnels/tun_noise_9	37.5	75.0
labs	hit_1_ec22e0be41	DeadAir	ambient/ugrnd/hit_1	80.9	94.4
labs	hit_2_fa3cd6e229	DeadAir	ambient/ugrnd/hit_2	78.8	91.9
labs	rnd_ugrnd_amb_4_3753662519	DeadAir	ambient/ugrnd/rnd_ugrnd_amb_4	92.6	108.0
labs	rnd_ugrnd_amb_5_1f2c5a93ff	DeadAir	ambient/ugrnd/rnd_ugrnd_amb_5	105.1	122.6
labs	rnd_ugrnd_amb_6_ec283e5e70	DeadAir	ambient/ugrnd/rnd_ugrnd_amb_6	111.7	130.3
labs	ugrnd_drip_1_d94a12e8e3	DeadAir	ambient/ugrnd/ugrnd_drip_1	93.7	109.3
labs	ugrnd_drip_10_a34607c051	DeadAir	ambient/ugrnd/ugrnd_drip_10	79.5	92.7
labs	ugrnd_drip_11_55dba2b775	DeadAir	ambient/ugrnd/ugrnd_drip_11	77.6	90.6
labs	ugrnd_drip_2_449f347d84	DeadAir	ambient/ugrnd/ugrnd_drip_2	73.0	85.1
labs	ugrnd_drip_3_3f0fab9ef3	DeadAir	ambient/ugrnd/ugrnd_drip_3	107.3	125.2
labs	ugrnd_drip_4_160d401416	DeadAir	ambient/ugrnd/ugrnd_drip_4	69.8	81.5
labs	ugrnd_drip_5_c5477f0627	DeadAir	ambient/ugrnd/ugrnd_drip_5	95.7	111.7
labs	ugrnd_drip_6_381b1510ce	DeadAir	ambient/ugrnd/ugrnd_drip_6	105.9	123.5
labs	ugrnd_drip_7_8355a92292	DeadAir	ambient/ugrnd/ugrnd_drip_7	96.9	113.0
labs	ugrnd_drip_8_2ed85c1edf	DeadAir	ambient/ugrnd/ugrnd_drip_8	70.5	82.2
labs	ugrnd_drip_9_bd487df145	DeadAir	ambient/ugrnd/ugrnd_drip_9	77.2	90.0
labs	ugrnd_drone_1_60996bb473	DeadAir	ambient/ugrnd/ugrnd_drone_1	108.4	126.5
labs	ugrnd_drone_2_aa0a29cda0	DeadAir	ambient/ugrnd/ugrnd_drone_2	75.2	87.8
labs	ugrnd_drone_3_dec9d70508	DeadAir	ambient/ugrnd/ugrnd_drone_3	96.2	112.3
labs	ugrnd_drone_4_b689e92fd1	DeadAir	ambient/ugrnd/ugrnd_drone_4	83.4	97.4
labs	ugrnd_noise_10_5dce01a757	DeadAir	ambient/ugrnd/ugrnd_noise_10	79.3	92.5
labs	ugrnd_noise_9_d421d5d3f1	DeadAir	ambient/ugrnd/ugrnd_noise_9	95.1	110.9
labs	dark_1_d4814c7741	DeadAir	ambient/underground/dark_1	95.1	111.0
labs	rnd_drop_1_ec19036b19	DeadAir	ambient/underground/rnd_drop_1	25.0	50.0
labs	rnd_drop_2_3270d255dd	DeadAir	ambient/underground/rnd_drop_2	25.0	50.0
labs	rnd_drop_3_3f83df6a68	DeadAir	ambient/underground/rnd_drop_3	25.0	50.0
labs	rnd_drop_4_d4278f6886	DeadAir	ambient/underground/rnd_drop_4	25.0	50.0
labs	rnd_drop_5_ea09b7c2e8	DeadAir	ambient/underground/rnd_drop_5	25.0	50.0
labs	rnd_drop_6_9f4f99cce1	DeadAir	ambient/underground/rnd_drop_6	25.0	50.0
labs	rnd_giant_6cffaa4f58	DeadAir	ambient/underground/rnd_giant	72.5	75.0
labs	rnd_giant_1_4acc13a5ea	DeadAir	ambient/underground/rnd_giant_1	37.5	75.0
labs	rnd_metal1_241b5ce683	DeadAir	ambient/underground/rnd_metal1	102.8	119.9
labs	rnd_metal2_f71578e432	DeadAir	ambient/underground/rnd_metal2	89.9	104.9
labs	rnd_metal3_1fab1ce619	DeadAir	ambient/underground/rnd_metal3	89.7	104.6
labs	rnd_polter_03d248c5dc	DeadAir	ambient/underground/rnd_polter	70.9	75.0
labs	rnd_polter_1_f5b1eeee07	DeadAir	ambient/underground/rnd_polter_1	37.5	75.0
labs	rnd_polter_2_327f37b323	DeadAir	ambient/underground/rnd_polter_2	67.7	75.0
labs	rnd_rat_panic_1_d7e28ce172	DeadAir	ambient/underground/rnd_rat_panic_1	25.0	50.0
labs	rnd_rat_panic_2_9f63a42ce4	DeadAir	ambient/underground/rnd_rat_panic_2	25.0	50.0
labs	rnd_rat_panic_3_c1c9389baf	DeadAir	ambient/underground/rnd_rat_panic_3	25.0	50.0
labs	x16_brain_death_1de2f9dac0	DeadAir	ambient/x16/x16_brain_death	96.1	112.1
labs	x16_brain_run_f5015f45ed	DeadAir	ambient/x16/x16_brain_run	110.9	129.3
labs	x16_brain_stop_aacd079329	DeadAir	ambient/x16/x16_brain_stop	75.3	87.8
labs	x16_engine1_stop_c57e7d0fce	DeadAir	ambient/x16/x16_engine1_stop	88.5	103.3
labs	x16_engine2_stop_988bd58592	DeadAir	ambient/x16/x16_engine2_stop	108.8	126.9
labs	x16_grate_fall_b06d058283	DeadAir	ambient/x16/x16_grate_fall	107.4	125.3
labs	x16_hum_2_4bb1baad85	DeadAir	ambient/x16/x16_hum_2	10.0	20.0
labs	x16_psy_str_program_3d45dd75fb	Prosector	ambient/x16/program/x16_psy_str_program	101.8	118.8
labs	x16_psy_l_b6755e42e0	DeadAir	ambient/x16/x16_psy_l	107.9	125.8
labs	x16_psy_r_02fcfeb19a	DeadAir	ambient/x16/x16_psy_r	89.7	104.7
labs	x16_psy_str_program_360_17a573f818	Prosector	ambient/x16/program/x16_psy_str_program_360	88.3	103.0
labs	x16_psy_str_program_doppler_1_channel_e8695b7e4c	Prosector	ambient/x16/program/x16_psy_str_program_doppler_(1_channel)	73.7	86.0
labs	x16_psy_str_program_doppler_2_channels_ee24bea686	Prosector	ambient/x16/program/x16_psy_str_program_doppler_(2_channels)	70.8	82.6
labs	x16_psy_hit_61bf560b86	DeadAir	ambient/x16/x16_psy_hit	112.2	131.0
labs	x16_psy_hit_3f9d22e34a	Solyanka	ambient/x16/x16_psy_hit	27.5	55.0
labs	fan1_bafaf653a0	DeadAir	ambient/x18/fan1	110.0	128.3
labs	waterdrops2_b51553626a	DeadAir	ambient/x18/waterdrops2	88.6	100.0
labs	x18_creak_1_09eae5eee3	DeadAir	ambient/x18/x18_creak_1	96.3	112.4
labs	x18_creak_2_20a115293a	DeadAir	ambient/x18/x18_creak_2	97.8	114.1
labs	x18_footsteps_6544f7d079	DeadAir	ambient/x18/x18_footsteps	89.0	103.8
labs	x18_gunfire_22974e3661	DeadAir	ambient/x18/x18_gunfire	101.7	118.6
labs	x18_metal_1_90ed31282f	DeadAir	ambient/x18/x18_metal_1	80.6	94.0
labs	x18_metal_2_bff172afe9	DeadAir	ambient/x18/x18_metal_2	83.5	97.4
labs	x18_metal_3_f318a46d50	DeadAir	ambient/x18/x18_metal_3	96.6	112.7
labs	x18_metal_4_89daeb0d2a	DeadAir	ambient/x18/x18_metal_4	67.6	78.9
labs	x18_metal_5_9a8a8c6989	DeadAir	ambient/x18/x18_metal_5	107.9	125.9
labs	x18_move_4_c338d53eea	DeadAir	ambient/x18/x18_move_4	69.5	81.1
labs	x18_move_5_826d04eff5	DeadAir	ambient/x18/x18_move_5	105.2	122.8
labs	steam_2_a28dde5201	OGSE	ambient/underground/steam_2	10.0	20.0
labs	fan1_862f83c88e	OGSE	ambient/x18/fan1	109.9	128.3
labs	h_am_hit1_342540b3ac	OGSE	ambient/x18/h_am_hit1	87.4	102.0
labs	h_am_hit4_9186b25c96	OGSE	ambient/x18/h_am_hit4	81.4	95.0
labs	h_or_metal_large_01a1edcb56	OGSE	ambient/x18/h_or_metal_large	85.2	99.4
labs	h_or_metal_rusty_f7911a22cf	OGSE	ambient/x18/h_or_metal_rusty	107.5	125.4
labs	h_otsteps_wood1_444b2f99c6	OGSE	ambient/x18/h_otsteps_wood1	109.3	127.5
labs	h_tal5_6f4d260623	OGSE	ambient/x18/h_tal5	82.8	96.6
labs	h_tal_grate_impact_hard2_7f84de7272	OGSE	ambient/x18/h_tal_grate_impact_hard2	88.7	103.5
labs	h_tal_grate_impact_hard3_fb97a8c53d	OGSE	ambient/x18/h_tal_grate_impact_hard3	78.2	91.3
labs	new_x18_1_6a843aae3f	OGSE	ambient/x18/new_x18_1	94.8	100.0
labs	new_x18_2_88a75ebcac	OGSE	ambient/x18/new_x18_2	68.4	79.8
labs	new_x18_3_972e260ac3	OGSE	ambient/x18/new_x18_3	89.7	100.0
labs	new_x18_4_9318e53dfa	OGSE	ambient/x18/new_x18_4	76.5	89.2
labs	new_x18_5_6b1d73c9d3	OGSE	ambient/x18/new_x18_5	68.9	80.4
labs	waterdrops2_7f8790f01d	OGSE	ambient/x18/waterdrops2	25.0	50.0
labs	waterdrops2_9303ea98b7	Solyanka	ambient/x18/waterdrops2	9.0	18.0
labs	underground_bkg_1_f57c823ea3	Prosector	ambient/background/underground_bkg_1	96.9	113.1
labs	ugrnd_drip_1_2c62f8f606	Solyanka	ambient/ugrnd/ugrnd_drip_1	45.0	90.0
labs	ugrnd_drip_10_2370e7e393	Solyanka	ambient/ugrnd/ugrnd_drip_10	86.3	90.0
labs	ugrnd_drip_11_70a81c78f5	Solyanka	ambient/ugrnd/ugrnd_drip_11	45.0	90.0
labs	ugrnd_drip_2_4abc69c969	Solyanka	ambient/ugrnd/ugrnd_drip_2	45.0	90.0
labs	ugrnd_drip_3_6c15e7334c	Solyanka	ambient/ugrnd/ugrnd_drip_3	45.0	90.0
labs	ugrnd_drip_4_bdb3bda8e9	Solyanka	ambient/ugrnd/ugrnd_drip_4	45.0	90.0
labs	ugrnd_drip_5_4ddd67289c	Solyanka	ambient/ugrnd/ugrnd_drip_5	45.0	90.0
labs	ugrnd_drip_6_ffa606b709	Solyanka	ambient/ugrnd/ugrnd_drip_6	45.0	90.0
labs	ugrnd_drip_8_bc9eab913b	Solyanka	ambient/ugrnd/ugrnd_drip_8	68.9	80.4
labs	ugrnd_drip_9_8c6e5744fb	Solyanka	ambient/ugrnd/ugrnd_drip_9	79.3	90.0
labs	steam_1_6a0c52c3d5	Solyanka	ambient/underground/steam_1	22.5	45.0
labs	x16_brain_death_fdd13389db	Solyanka	ambient/x16/x16_brain_death	91.4	106.6
labs	x16_engine1_run_555081840e	Solyanka	ambient/x16/x16_engine1_run	27.5	55.0
labs	x16_engine1_stop_4c274f5f75	Solyanka	ambient/x16/x16_engine1_stop	27.5	55.0
labs	x16_engine2_stop_e1e6526fa0	Solyanka	ambient/x16/x16_engine2_stop	27.5	55.0
labs	x16_engine2_run_9d45ddbc70	Solyanka	ambient/x16/x16_engine2_run	27.5	55.0
labs	x16_grate_fall_80080c0b74	Solyanka	ambient/x16/x16_grate_fall	17.5	35.0
labs	x18_creak_1_9e6bcbb084	Solyanka	ambient/x18/x18_creak_1	32.5	65.0
labs	x18_creak_2_e1d0ddc6f7	Solyanka	ambient/x18/x18_creak_2	32.5	65.0
labs	x18_footsteps_6f68f05647	Solyanka	ambient/x18/x18_footsteps	32.5	65.0
labs	x18_metal_2_674fbba756	Solyanka	ambient/x18/x18_metal_2	32.5	65.0
labs	x18_metal_3_9f548e8c08	Solyanka	ambient/x18/x18_metal_3	32.5	65.0
labs	x18_metal_4_a8a5a819ac	Solyanka	ambient/x18/x18_metal_4	32.5	65.0
labs	x18_metal_5_ef58b551d7	Solyanka	ambient/x18/x18_metal_5	32.5	65.0
labs	x18_move_4_ac2497f326	Solyanka	ambient/x18/x18_move_4	32.5	65.0
labs	ugrnd_metal_4_f100f7aae9	NLC	ambient/inferno/ugrnd_metal_4	107.2	125.1
labs	hit_4_81185c5426	NLC	ambient/underground/hit_4	70.4	82.2
labs	hit_5_e1579f1c02	NLC	ambient/underground/hit_5	98.7	115.1
labs	hit_6_ee612f72fa	NLC	ambient/underground/hit_6	82.2	95.8
labs	rnd_giant_2_6097eed9fb	NLC	ambient/underground/rnd_giant_2	78.3	91.3
labs	strange_noise_4_4937bc4276	NLC	ambient/underground/strange_noise_4	84.2	98.3
labs	x18_hit_15_c69d811cf6	NLC	ambient/x18/x18_hit_15	25.0	50.0
mutant	distant_1_78c8d7083d	Amplified	ambient/soundscape/mutants/bloodsucker/distant_1	84.3	108.4
mutant	distant_2_0c2aa5ea7a	Amplified	ambient/soundscape/mutants/bloodsucker/distant_2	52.5	67.5
mutant	distant_3_9a3c983ea1	Amplified	ambient/soundscape/mutants/bloodsucker/distant_3	62.5	80.4
mutant	distant_growl_1_6b55a32468	Amplified	monsters/bloodsucker/distant_growl_1	61.0	78.4
mutant	distant_4_cdc0454837	Amplified	ambient/soundscape/mutants/bloodsucker/distant_4	77.6	99.7
mutant	distant_5_3949a199db	Amplified	ambient/soundscape/mutants/bloodsucker/distant_5	58.8	75.6
mutant	distant_1_98e11405ad	Amplified	ambient/soundscape/mutants/boar/distant_1	73.7	94.7
mutant	distant_2_45ef5d524e	Amplified	ambient/soundscape/mutants/boar/distant_2	72.4	93.1
mutant	distant_3_0553e83742	Amplified	ambient/soundscape/mutants/boar/distant_3	60.2	77.4
mutant	distant_4_6e072dd598	Amplified	ambient/soundscape/mutants/boar/distant_4	76.9	98.8
mutant	distant_5_83807a2dd0	Amplified	ambient/soundscape/mutants/boar/distant_5	78.5	100.9
mutant	distant_1_7a04f8fcb3	Amplified	ambient/soundscape/mutants/burer/distant_1	77.6	99.7
mutant	distant_2_9ec73c1539	Amplified	ambient/soundscape/mutants/burer/distant_2	65.4	84.1
mutant	distant_3_ef2f369a3c	Amplified	ambient/soundscape/mutants/burer/distant_3	82.8	106.4
mutant	distant_4_60d0eaa6bc	Amplified	ambient/soundscape/mutants/burer/distant_4	74.4	95.7
mutant	distant_5_e817a8c7a9	Amplified	ambient/soundscape/mutants/burer/distant_5	56.1	72.1
mutant	distant_6_5b0a7f07bd	Amplified	ambient/soundscape/mutants/burer/distant_6	54.1	69.6
mutant	distant_7_46844687d7	Amplified	ambient/soundscape/mutants/burer/distant_7	72.5	93.3
mutant	distant_1_b381dce6b4	Amplified	ambient/soundscape/mutants/cat/distant_1	60.8	78.1
mutant	distant_1b_3c91289edc	Amplified	ambient/soundscape/mutants/cat/distant_1b	69.5	89.4
mutant	distant_2_ee2327e96c	Amplified	ambient/soundscape/mutants/cat/distant_2	59.9	77.0
mutant	distant_2b_203b0de77a	Amplified	ambient/soundscape/mutants/cat/distant_2b	67.5	86.7
mutant	distant_3_e28b6263f7	Amplified	ambient/soundscape/mutants/cat/distant_3	84.1	108.1
mutant	distant_3b_d6f54d0e83	Amplified	ambient/soundscape/mutants/cat/distant_3b	63.5	81.6
mutant	rnd_mutant_10_f83f39bc6a	DeadAir	ambient/rnd_outdoor/rnd_mutant_10	55.2	71.0
mutant	distant_2_6fd2bdd06c	Amplified	ambient/soundscape/mutants/chimera/distant_2	57.3	73.7
mutant	distant_3_bec2cb90fe	Amplified	ambient/soundscape/mutants/chimera/distant_3	80.9	104.0
mutant	distant_4_5d8c922e3c	Amplified	ambient/soundscape/mutants/chimera/distant_4	52.6	67.7
mutant	distant_5_f61966e121	Amplified	ambient/soundscape/mutants/chimera/distant_5	75.7	97.4
mutant	distant_6_1855542352	Amplified	ambient/soundscape/mutants/chimera/distant_6	74.8	96.2
mutant	distant_7_d393a83d5c	Amplified	ambient/soundscape/mutants/chimera/distant_7	77.4	99.6
mutant	distant_8_acf4e60405	Amplified	ambient/soundscape/mutants/chimera/distant_8	86.3	111.0
mutant	distant_1_d2c3cb537a	Amplified	ambient/soundscape/mutants/controller/distant_1	77.8	100.0
mutant	distant_2_baba585230	Amplified	ambient/soundscape/mutants/controller/distant_2	77.0	99.0
mutant	distant_3_9a331e2c64	Amplified	ambient/soundscape/mutants/controller/distant_3	74.1	95.3
mutant	distant_4_721636fb50	Amplified	ambient/soundscape/mutants/controller/distant_4	80.7	103.8
mutant	distant_5_cf56ac2ab9	Amplified	ambient/soundscape/mutants/controller/distant_5	57.1	73.4
mutant	distant_6_b8db384bfb	Amplified	ambient/soundscape/mutants/controller/distant_6	86.8	111.6
mutant	distant_7_ea81ff3857	Amplified	ambient/soundscape/mutants/controller/distant_7	63.1	81.1
mutant	ambient_drone_10_c3fee9f203	Soundscape	monsters/controller/ambient_drone_10	55.6	71.5
mutant	distant_2_d0334e67ca	Amplified	ambient/soundscape/mutants/dog/distant_2	61.5	79.1
mutant	distant_3_f984089e4a	Amplified	ambient/soundscape/mutants/dog/distant_3	81.6	104.9
mutant	distant_4_5b0a54c7a4	Amplified	ambient/soundscape/mutants/dog/distant_4	74.7	96.1
mutant	distant_5_75882264c5	Amplified	ambient/soundscape/mutants/dog/distant_5	87.0	111.8
mutant	distant_6_afd18bc618	Amplified	ambient/soundscape/mutants/dog/distant_6	70.0	89.9
mutant	distant_7_5121eab723	Amplified	ambient/soundscape/mutants/dog/distant_7	73.5	94.5
mutant	distant_8_51dbdfffaf	Amplified	ambient/soundscape/mutants/dog/distant_8	70.1	90.2
mutant	distant_1_aebf1050b3	Amplified	ambient/soundscape/mutants/flesh/distant_1	81.2	104.4
mutant	distant_2_e117f49b72	Amplified	ambient/soundscape/mutants/flesh/distant_2	73.8	94.9
mutant	distant_3_5950c73979	Amplified	ambient/soundscape/mutants/flesh/distant_3	68.4	88.0
mutant	distant_4_941843cb0c	Amplified	ambient/soundscape/mutants/flesh/distant_4	66.5	85.5
mutant	distant_5_6e6d298ccc	Amplified	ambient/soundscape/mutants/flesh/distant_5	78.4	100.8
mutant	distant_1_1ed0a77f0b	Amplified	ambient/soundscape/mutants/fracture/distant_1	58.3	74.9
mutant	distant_2_43a3197cb0	Amplified	ambient/soundscape/mutants/fracture/distant_2	63.6	81.8
mutant	distant_3_5cb1a40c06	Amplified	ambient/soundscape/mutants/fracture/distant_3	72.9	93.8
mutant	distant_4_6675b1abb4	Amplified	ambient/soundscape/mutants/fracture/distant_4	57.2	73.5
mutant	distant_5_7fbbee4feb	Amplified	ambient/soundscape/mutants/fracture/distant_5	73.5	94.6
mutant	distant_6_5f379506aa	Amplified	ambient/soundscape/mutants/fracture/distant_6	85.1	109.5
mutant	distant_1_9e10d4b175	Amplified	ambient/soundscape/mutants/giant/distant_1	76.4	98.3
mutant	distant_2_9ee2139055	Amplified	ambient/soundscape/mutants/giant/distant_2	55.7	71.7
mutant	distant_3_8e40f3c5c4	Amplified	ambient/soundscape/mutants/giant/distant_3	78.0	100.2
mutant	distant_4_145ada0cca	Amplified	ambient/soundscape/mutants/giant/distant_4	75.3	96.8
mutant	distant_5_93380ae0b0	Amplified	ambient/soundscape/mutants/giant/distant_5	52.5	67.5
mutant	distant_1b_746761c489	Amplified	ambient/soundscape/mutants/lurker/back/distant_1b	85.8	110.3
mutant	attack_2_ee707a00e7	Amplified	monsters/lurker/attack_2	84.4	100.0
mutant	distant_2_lurk_b43b7c1bbb	Amplified	ambient/soundscape/mutants/lurker/back/distant_2 lurk	61.7	79.3
mutant	distant_2_fd0eb4fda7	Amplified	ambient/soundscape/mutants/lurker/distant_2	52.7	67.8
mutant	distant_2b_ec08ee57ac	Amplified	ambient/soundscape/mutants/lurker/back/distant_2b	65.9	84.7
mutant	attack_3_fde30f9d31	Amplified	monsters/lurker/attack_3	69.3	89.1
mutant	distant_1_c583e81830	Amplified	ambient/soundscape/mutants/lurker/distant_1	79.3	101.9
mutant	distant_3_2c36e8a69d	Amplified	ambient/soundscape/mutants/lurker/distant_3	53.2	68.3
mutant	distant_4_5c9f22b35c	Amplified	ambient/soundscape/mutants/lurker/distant_4	67.9	87.3
mutant	olddistant_1_08adb5f7f8	Amplified	ambient/soundscape/mutants/lurker/olddistant_1	70.0	90.0
mutant	distant_1_c4e7a0dbf4	Amplified	ambient/soundscape/mutants/poltergeist/distant_1	73.2	94.1
mutant	distant_2_76c3610a1b	Amplified	ambient/soundscape/mutants/poltergeist/distant_2	66.4	85.4
mutant	distant_3_872d6a4136	Amplified	ambient/soundscape/mutants/poltergeist/distant_3	86.9	111.7
mutant	distant_4_4be0e75a0e	Amplified	ambient/soundscape/mutants/poltergeist/distant_4	69.1	88.8
mutant	distant_5_d7147e4e8e	Amplified	ambient/soundscape/mutants/poltergeist/distant_5	57.2	73.5
mutant	distant_6_842024be7f	Amplified	ambient/soundscape/mutants/poltergeist/distant_6	76.9	98.8
mutant	distant_7_3814bd06aa	Amplified	ambient/soundscape/mutants/poltergeist/distant_7	56.8	73.1
mutant	distant_8_2348a89be0	Amplified	ambient/soundscape/mutants/poltergeist/distant_8	81.0	104.1
mutant	distant_2_bb7663e404	Amplified	ambient/soundscape/mutants/zombie/distant_2	56.9	73.2
mutant	distant_9_bcae4a31b7	Amplified	ambient/soundscape/mutants/poltergeist/distant_9	60.5	77.8
mutant	distant_1_4a0f1d3b5c	Amplified	ambient/soundscape/mutants/psysucker/distant_1	75.8	97.5
mutant	distant_2_043c7b1172	Amplified	ambient/soundscape/mutants/psysucker/distant_2	60.7	78.0
mutant	distant_3_93fa00553d	Amplified	ambient/soundscape/mutants/psysucker/distant_3	60.2	77.4
mutant	distant_5_77591178e2	Amplified	ambient/soundscape/mutants/psysucker/distant_5	54.6	70.1
mutant	distant_1b_1e787de294	Amplified	ambient/soundscape/mutants/snork/bck/distant_1b	77.7	99.9
mutant	distant_2b_ae7a72a721	Amplified	ambient/soundscape/mutants/snork/bck/distant_2b	55.4	71.2
mutant	distant_3b_0c9a5cb57d	Amplified	ambient/soundscape/mutants/snork/bck/distant_3b	82.0	105.4
mutant	distant_4b_b27b2178fe	Amplified	ambient/soundscape/mutants/snork/bck/distant_4b	54.7	70.3
mutant	distant_1_1a7e4e152d	Amplified	ambient/soundscape/mutants/snork/distant_1	70.3	90.4
mutant	distant_2_642365be6c	Amplified	ambient/soundscape/mutants/snork/distant_2	65.2	83.8
mutant	distant_3_8a2134d06f	Amplified	ambient/soundscape/mutants/snork/distant_3	67.8	87.2
mutant	distant_4_07e2260055	Amplified	ambient/soundscape/mutants/snork/distant_4	59.9	77.0
mutant	distant_1_621c045428	Amplified	ambient/soundscape/mutants/zombie/distant_1	79.3	102.0
mutant	distant_3_3eeb71a613	Amplified	ambient/soundscape/mutants/zombie/distant_3	76.4	98.2
mutant	distant_4_95f272f565	Amplified	ambient/soundscape/mutants/zombie/distant_4	62.3	80.1
mutant	distant_5_6630306f4e	Amplified	ambient/soundscape/mutants/zombie/distant_5	87.0	111.9
mutant	distant_6_f70ce57569	Amplified	ambient/soundscape/mutants/zombie/distant_6	70.0	90.0
mutant	distant_7_2a53409e99	Amplified	ambient/soundscape/mutants/zombie/distant_7	67.3	86.6
mutant	rnd_mutant_6_ea7a833b81	DeadAir	ambient/lar_ambients/af3/rnd_mutant_6	64.6	83.0
mutant	rnd_mutant_5_9a3579c4bb	DeadAir	ambient/lar_ambients/af3/rnd_mutant_5	55.4	71.2
mutant	rnd_mutant_12_ad77d0cec9	DeadAir	ambient/lar_ambients/af3/rnd_mutant_12	83.5	107.4
mutant	giant_idle_3_3ce568da78	NLC	monsters/giant/giant_idle_3	54.1	69.6
mutant	izlome_idle_3_1a33af1cf6	Amplified	monsters/biblio/izlome_idle_3	30.0	60.0
mutant	distant_growl_2_4d7714e20e	Amplified	monsters/bloodsucker/distant_growl_2	78.1	100.0
mutant	distant_growl_3_78157cfabc	Amplified	monsters/bloodsucker/distant_growl_3	83.9	100.0
mutant	idle_0_9a33ab6c6c	Amplified	monsters/bloodsucker/idle_0	56.9	70.0
mutant	idle_0_70094f5f9a	NLC	monsters/bloodsucker/idle_0	15.0	30.0
mutant	idle_1_2ef04d737f	Amplified	monsters/bloodsucker/idle_1	35.0	70.0
mutant	idle_2_6902673f48	Amplified	monsters/bloodsucker/idle_2	35.0	70.0
mutant	idle_3_6a7151e676	Amplified	monsters/bloodsucker/idle_3	35.0	70.0
mutant	idle_4_d8496d74ce	Amplified	monsters/bloodsucker/idle_4	35.0	70.0
mutant	idle_5_d0d78b10aa	Amplified	monsters/bloodsucker/idle_5	62.2	70.0
mutant	sucker_breath_mix_0_1d82f30468	Amplified	monsters/bloodsucker/sucker_breath_mix_0	25.0	50.0
mutant	sucker_growl_0_8dd2b284a7	Amplified	monsters/bloodsucker/sucker_growl_0	84.8	100.0
mutant	sucker_growl_2_b37bc6bd2e	Amplified	monsters/bloodsucker/sucker_growl_2	61.7	79.3
mutant	sucker_growl_3_8c93c5e2a6	Amplified	monsters/bloodsucker/sucker_growl_3	72.1	92.7
mutant	sucker_growl_4_4e5c4438f3	Amplified	monsters/bloodsucker/sucker_growl_4	71.4	91.9
mutant	swamp_growl_1_3ee9a3cca1	Amplified	monsters/bloodsucker/swamp_growl_1	58.6	75.3
mutant	swamp_growl_2_8ef8b59b83	Amplified	monsters/bloodsucker/swamp_growl_2	61.1	78.6
mutant	boar_eat_0_6247cc3e9b	Amplified	monsters/boar/boar_eat_0	17.5	35.0
mutant	boar_eat_1_88528cc4ee	Amplified	monsters/boar/boar_eat_1	17.5	35.0
mutant	boar_eat_2_bb6a661b6f	Amplified	monsters/boar/boar_eat_2	17.5	35.0
mutant	boar_eat_3_5d999fb2be	Amplified	monsters/boar/boar_eat_3	17.5	35.0
mutant	boar_idle_0_c249cd72dc	Amplified	monsters/boar/boar_idle_0	68.5	70.0
mutant	boar_idle_1_88a03d127e	Amplified	monsters/boar/boar_idle_1	54.4	70.0
mutant	boar_idle_2_85653a344e	Amplified	monsters/boar/boar_idle_2	35.0	70.0
mutant	boar_idle_3_bd9f2fcd4d	Amplified	monsters/boar/boar_idle_3	35.0	70.0
mutant	burer_eat_0_34c3ff933d	Amplified	monsters/burer/burer_eat_0	12.5	25.0
mutant	burer_eat_1_f39b36a678	Amplified	monsters/burer/burer_eat_1	12.5	25.0
mutant	burer_idle_0_2202f2ae04	Amplified	monsters/burer/burer_idle_0	58.9	75.7
mutant	burer_idle_1_7e71a6beec	Amplified	monsters/burer/burer_idle_1	59.7	76.8
mutant	burer_idle_2_11cb386c17	Amplified	monsters/burer/burer_idle_2	80.7	100.0
mutant	burer_idle_3_1990e4791a	Amplified	monsters/burer/burer_idle_3	81.9	100.0
mutant	burer_idle_3_0125f60c54	Soundscape	monsters/burer/burer_idle_3	83.1	100.0
mutant	c2_idle_1_6697552414	Amplified	monsters/cat/c2_idle_1	25.0	50.0
mutant	c2_idle_2_909a3c3950	Amplified	monsters/cat/c2_idle_2	25.0	50.0
mutant	c2_idle_3_49bb9e644d	Amplified	monsters/cat/c2_idle_3	25.0	50.0
mutant	c_eat_0_6b4e00acb0	Amplified	monsters/cat/c_eat_0	35.0	70.0
mutant	bdog_eat_0_78f5a2cff6	DeadAir	monsters/dog/bdog_eat_0	10.0	20.0
mutant	bdog_eat_0_b63a077f65	NLC	monsters/dog/bdog_eat_0	7.5	15.0
mutant	c_eat_1_8304aa2818	Amplified	monsters/cat/c_eat_1	62.9	70.0
mutant	bdog_eat_1_96968a351e	NLC	monsters/dog/bdog_eat_1	7.5	15.0
mutant	chimera_growl_1_861fce7819	Amplified	monsters/chimera/chimera_growl_1	60.6	77.9
mutant	chimera_idle_1_3214bcedf9	Amplified	monsters/chimera/chimera_idle_1	86.3	111.0
mutant	chimera_idle_2_031d371a8e	Amplified	monsters/chimera/chimera_idle_2	63.0	81.0
mutant	chimera_idle_3_09762adfbc	Amplified	monsters/chimera/chimera_idle_3	81.5	104.8
mutant	idle_1_ca799a3b00	Amplified	monsters/chimera/idle_1	60.5	77.8
mutant	idle_2_eb6c9c0546	Amplified	monsters/chimera/idle_2	61.1	78.5
mutant	ambient_drone_10_f1159b44a3	Amplified	monsters/controller/ambient_drone_10	59.1	76.0
mutant	ambient_drone_8_ca6ca88795	Amplified	monsters/controller/ambient_drone_8	65.1	80.0
mutant	ambient_drone_9_03d8d2ff5b	Amplified	monsters/controller/ambient_drone_9	70.2	80.0
mutant	controller_idle_0_63976b026e	Amplified	monsters/controller/controller_idle_0	25.0	50.0
mutant	controller_idle_1_263dacd005	Amplified	monsters/controller/controller_idle_1	25.0	50.0
mutant	controller_idle_2_207dd9f763	Amplified	monsters/controller/controller_idle_2	25.0	50.0
mutant	bdog_eat_2_3f191f1cba	Amplified	monsters/dog/bdog_eat_2	20.0	40.0
mutant	bdog_growl_0_15224f4e60	Amplified	monsters/dog/bdog_growl_0	71.4	91.8
mutant	bdog_growl_1_158764e43e	Amplified	monsters/dog/bdog_growl_1	81.2	100.0
mutant	bdog_growl_1_157bfa8b7a	NLC	monsters/dog/bdog_growl_1	10.0	20.0
mutant	bdog_growl_2_60f2149716	Amplified	monsters/dog/bdog_growl_2	76.8	98.8
mutant	bdog_growl_0_cfef4cb139	NLC	monsters/dog/bdog_growl_0	10.0	20.0
mutant	bdog_idle_0_238ce72ecf	Amplified	monsters/dog/bdog_idle_0	56.2	72.3
mutant	bdog_idle_1_07dcd5144a	Amplified	monsters/dog/bdog_idle_1	65.5	84.2
mutant	bdog_idle_2_d2487973f2	Amplified	monsters/dog/bdog_idle_2	84.9	100.0
mutant	bdog_idle_3_54a14aaaf3	Amplified	monsters/dog/bdog_idle_3	57.2	73.6
mutant	bdog_idle_4_ab734da4e5	Amplified	monsters/dog/bdog_idle_4	63.3	81.4
mutant	flesh_eat_0_3d705778b2	Amplified	monsters/flesh/flesh_eat_0	8.0	16.0
mutant	flesh_eat_1_e980e67e1a	Amplified	monsters/flesh/flesh_eat_1	8.0	16.0
mutant	flesh_eat_2_882e61b88f	Amplified	monsters/flesh/flesh_eat_2	8.0	16.0
mutant	flesh_eat_3_5c6a618a35	Amplified	monsters/flesh/flesh_eat_3	8.0	16.0
mutant	flesh_eat_4_726b491601	Amplified	monsters/flesh/flesh_eat_4	8.0	16.0
mutant	flesh_eat_5_63efb32d0e	Amplified	monsters/flesh/flesh_eat_5	8.0	16.0
mutant	flesh_idle_0_9f7319e742	Amplified	monsters/flesh/flesh_idle_0	74.7	85.0
mutant	flesh_idle_1_19f106f6f2	Amplified	monsters/flesh/flesh_idle_1	76.8	85.0
mutant	flesh_idle_2_32bb380da4	Amplified	monsters/flesh/flesh_idle_2	80.2	85.0
mutant	flesh_idle_3_b18ddc3384	Amplified	monsters/flesh/flesh_idle_3	63.1	81.1
mutant	flesh_idle_4_35941598d6	Amplified	monsters/flesh/flesh_idle_4	70.6	85.0
mutant	fracture_idle_0_ed08244a80	Amplified	monsters/fracture/bck/fracture_idle_0	66.4	85.4
mutant	fracture_idle_1_e7ed1328b9	Amplified	monsters/fracture/bck/fracture_idle_1	86.1	100.0
mutant	fracture_idle_2_a22086116c	Amplified	monsters/fracture/bck/fracture_idle_2	58.0	74.5
mutant	fracture_eat_0_3736fc1e33	Amplified	monsters/fracture/fracture_eat_0	15.0	30.0
mutant	zombie_eat_0_18e7a12c6e	NLC	monsters/zombie/zombie_eat_0	10.0	20.0
mutant	fracture_eat_1_314baed063	Amplified	monsters/fracture/fracture_eat_1	15.0	30.0
mutant	zombie_eat_1_3ea039a541	NLC	monsters/zombie/zombie_eat_1	10.0	20.0
mutant	fracture_eat_2_2c89af8ac7	Amplified	monsters/fracture/fracture_eat_2	15.0	30.0
mutant	fracture_eat_3_149529387d	Amplified	monsters/fracture/fracture_eat_3	15.0	30.0
mutant	zombie_eat_3_be82f773e0	DeadAir	monsters/zombie/zombie_eat_3	79.4	102.1
mutant	zombie_eat_3_d63aa20639	NLC	monsters/zombie/zombie_eat_3	10.0	20.0
mutant	fracture_idle_0_75e1772d08	Amplified	monsters/fracture/fracture_idle_0	59.2	76.1
mutant	fracture_idle_1_89a21f9732	Amplified	monsters/fracture/fracture_idle_1	81.8	100.0
mutant	fracture_idle_2_d123cbd005	Amplified	monsters/fracture/fracture_idle_2	67.7	87.0
mutant	idle_0_ab6b9c0e9f	Amplified	monsters/fracture/idle_0	67.0	80.0
mutant	idle_1_877d6b86d9	Amplified	monsters/fracture/idle_1	73.1	80.0
mutant	giant_breath_0_be0f5521ae	Amplified	monsters/giant/giant_breath_0	64.7	83.2
mutant	giant_breath_1_cbe8e1931d	Amplified	monsters/giant/giant_breath_1	57.8	74.4
mutant	giant_breath_2_eb7a245d2f	Amplified	monsters/giant/giant_breath_2	65.5	84.2
mutant	giant_idle_0_9e9e7fb696	Amplified	monsters/giant/giant_idle_0	64.4	82.8
mutant	giant_idle_1_0d59520058	Amplified	monsters/giant/giant_idle_1	56.0	72.0
mutant	attack_0_a25217af9a	Amplified	monsters/lurker/attack_0	77.1	99.1
mutant	attack_1_97b381b78f	Amplified	monsters/lurker/attack_1	54.0	69.5
mutant	attack_hit_0_8f33baa311	Amplified	monsters/lurker/attack_hit_0	78.2	100.5
mutant	attack_hit_1_e86f2cadae	Amplified	monsters/lurker/attack_hit_1	71.3	91.7
mutant	attack_hit_2_fe63b0a27a	Amplified	monsters/lurker/attack_hit_2	72.2	92.8
mutant	attack_hit_3_8f83e755ab	Amplified	monsters/lurker/attack_hit_3	76.7	98.6
mutant	attack_hit_4_8a4afbecb2	Amplified	monsters/lurker/attack_hit_4	85.4	109.7
mutant	attack_hit_5_f7fb1450c4	Amplified	monsters/lurker/attack_hit_5	55.8	71.7
mutant	breath_0_2a4ea17286	Amplified	monsters/lurker/breath_0	10.0	20.0
mutant	breath_1_132de4be78	Amplified	monsters/lurker/breath_1	10.0	20.0
mutant	die_0_9d4e005aed	Amplified	monsters/lurker/die_0	58.8	75.6
mutant	die_1_41988d185b	Amplified	monsters/lurker/die_1	67.5	86.8
mutant	die_2_0a6b5a17ca	Amplified	monsters/lurker/die_2	52.9	68.0
mutant	die_3_47b052784a	Amplified	monsters/lurker/die_3	25.0	50.0
mutant	hit_0_984a0689a0	Amplified	monsters/lurker/hit_0	57.5	74.0
mutant	hit_1_7ab68772a0	Amplified	monsters/lurker/hit_1	62.6	80.5
mutant	hit_2_f6b4e0996a	Amplified	monsters/lurker/hit_2	73.1	93.9
mutant	hit_3_0915b41dbd	Amplified	monsters/lurker/hit_3	78.2	100.5
mutant	hit_4_310bac6330	Amplified	monsters/lurker/hit_4	60.6	78.0
mutant	hit_5_933a4d4cd9	Amplified	monsters/lurker/hit_5	72.4	93.1
mutant	hit_6_9b9f4103ae	Amplified	monsters/lurker/hit_6	76.4	98.3
mutant	idle_0_f7b8476f98	Amplified	monsters/lurker/idle_0	56.4	72.5
mutant	idle_3_ca41d49eb1	Amplified	monsters/lurker/idle_3	62.4	75.0
mutant	hit_0_818f9c42bc	Amplified	monsters/lurker/~hit_0	84.4	108.5
mutant	hit_1_abcfdfc224	Amplified	monsters/lurker/~hit_1	74.8	96.1
mutant	pauk_eat_0_ded12cf6ac	Amplified	monsters/pauk/pauk_eat_0	58.9	75.7
mutant	pauk_eat_1_27759e826a	Amplified	monsters/pauk/pauk_eat_1	85.6	100.0
mutant	pauk_eat_2_3e9be4b3a4	Amplified	monsters/pauk/pauk_eat_2	53.1	68.2
mutant	pauk_eat_3_4a4774be56	Amplified	monsters/pauk/pauk_eat_3	74.8	96.2
mutant	pauk_idle_0_f3b4199907	Amplified	monsters/pauk/pauk_idle_0	83.8	100.0
mutant	pauk_idle_1_278e7b7a02	Amplified	monsters/pauk/pauk_idle_1	70.5	90.6
mutant	pauk_idle_dist_61e68428a5	Amplified	monsters/pauk/pauk_idle_dist	71.1	91.4
mutant	idle_0_ee76225f84	Amplified	monsters/poltergeist/bck/idle_0	35.0	70.0
mutant	idle_1_8af0ff227f	Amplified	monsters/poltergeist/bck/idle_1	35.0	70.0
mutant	idle_2_a804997fec	Amplified	monsters/poltergeist/bck/idle_2	35.0	70.0
mutant	idle_3_bfb1f26a10	Amplified	monsters/poltergeist/bck/idle_3	63.0	81.0
mutant	idle_4_2309534178	Amplified	monsters/poltergeist/bck/idle_4	65.3	83.9
mutant	idle_5_e8ad9613ec	Amplified	monsters/poltergeist/bck/idle_5	35.0	70.0
mutant	idle_6_2a5ce402fc	Amplified	monsters/poltergeist/bck/idle_6	59.8	70.0
mutant	black_idle_d07b124937	Amplified	monsters/poltergeist/black_idle	25.0	50.0
mutant	fire_idle_0_1d2db51b65	Amplified	monsters/poltergeist/fire_idle_0	10.0	20.0
mutant	idle_3_68f1e7e73d	Amplified	monsters/poltergeist/idle_3	81.7	105.1
mutant	tele_idle_0_8d14f361b0	Amplified	monsters/poltergeist/tele_idle_0	15.0	30.0
mutant	idle_0_c16d14b922	Amplified	monsters/pseudodog/idle_0	81.5	100.0
mutant	idle_1_a0f246e0d6	Amplified	monsters/pseudodog/idle_1	52.8	67.8
mutant	idle_2_0e2769284b	Amplified	monsters/pseudodog/idle_2	70.7	90.8
mutant	pdog_idle_0_1c4774d8e2	Amplified	monsters/pseudodog/pdog_idle_0	84.0	100.0
mutant	pdog_idle_1_782f71ca34	Amplified	monsters/pseudodog/pdog_idle_1	55.5	71.4
mutant	pdog_idle_3_0f97195740	Amplified	monsters/pseudodog/pdog_idle_3	55.8	71.8
mutant	pdog_idle_4_a9f1f1c188	Amplified	monsters/pseudodog/pdog_idle_4	73.9	95.1
mutant	breath_0_f584ba9939	Amplified	monsters/psysucker/breath_0	5.0	10.0
mutant	breath_1_9cf31b5490	Amplified	monsters/psysucker/breath_1	5.0	10.0
mutant	breath_1_461293a121	Soundscape	monsters/psysucker/breath_1	5.0	10.0
mutant	snork_eat_0_85d6dee889	Soundscape	monsters/snork/snork_eat_0	12.5	25.0
mutant	snork_idle_0_21ec309b2f	Amplified	monsters/snork/snork_idle_0	12.5	25.0
mutant	snork_idle_1_b2b7d871dd	Amplified	monsters/snork/snork_idle_1	12.5	25.0
mutant	snork_idle_2_b73ff7e237	Amplified	monsters/snork/snork_idle_2	12.5	25.0
mutant	zombie_eat_0_4566a773ac	Amplified	monsters/zombie/zombie_eat_0	84.3	100.0
mutant	zombie_eat_1_83abf6c928	Amplified	monsters/zombie/zombie_eat_1	65.4	84.1
mutant	zombie_eat_2_c4d7dbf86e	Amplified	monsters/zombie/zombie_eat_2	55.2	71.0
mutant	zombie_idle_10_09046309a2	Amplified	monsters/zombie/zombie_idle_10	71.2	91.6
mutant	zombie_idle_11_064ed440d4	Amplified	monsters/zombie/zombie_idle_11	62.3	80.0
mutant	zombie_idle_17_affb023ee2	Amplified	monsters/zombie/zombie_idle_17	66.8	85.8
mutant	zombie_idle_12_0c44662b6a	Amplified	monsters/zombie/zombie_idle_12	65.0	83.6
mutant	zombie_idle_13_ef19a1b430	Amplified	monsters/zombie/zombie_idle_13	86.6	100.0
mutant	zombie_idle_14_95b81bce17	Amplified	monsters/zombie/zombie_idle_14	76.6	98.5
mutant	zombie_idle_15_06ae1cc51e	Amplified	monsters/zombie/zombie_idle_15	80.6	100.0
mutant	distant_2_4a23f4488d	Soundscape	ambient/soundscape/mutants/flesh/distant_2	67.6	86.9
mutant	distant_3_f97fd79270	Soundscape	ambient/soundscape/mutants/flesh/distant_3	66.3	85.3
mutant	distant_4_e4f07df86f	Soundscape	ambient/soundscape/mutants/flesh/distant_4	75.9	97.6
mutant	idle_1_51eaf00fc0	Soundscape	monsters/bloodsucker/idle_1	35.0	70.0
mutant	idle_2_98b971520f	Soundscape	monsters/bloodsucker/idle_2	57.6	70.0
mutant	idle_2_9e081a0c55	NLC	monsters/bloodsucker/idle_2	15.0	30.0
mutant	idle_3_b6f9ac92b7	Soundscape	monsters/bloodsucker/idle_3	59.6	70.0
mutant	idle_3_1ec544dd0f	NLC	monsters/bloodsucker/idle_3	15.0	30.0
mutant	idle_4_243164ac29	Soundscape	monsters/bloodsucker/idle_4	35.0	70.0
mutant	idle_4_61ea9a0ac0	NLC	monsters/bloodsucker/idle_4	15.0	30.0
mutant	idle_5_651ee97051	Soundscape	monsters/bloodsucker/idle_5	35.0	70.0
mutant	sucker_breath_mix_0_30b20ffae7	Soundscape	monsters/bloodsucker/sucker_breath_mix_0	10.0	20.0
mutant	sucker_breath_mix_0_6ca3d2ddb3	NLC	monsters/bloodsucker/sucker_breath_mix_0	12.5	25.0
mutant	sucker_growl_0_667224ecb1	Soundscape	monsters/bloodsucker/sucker_growl_0	71.6	92.1
mutant	sucker_growl_1_330d6c4686	Soundscape	monsters/bloodsucker/sucker_growl_1	82.3	105.8
mutant	sucker_growl_2_59b75262aa	Soundscape	monsters/bloodsucker/sucker_growl_2	80.2	103.1
mutant	sucker_growl_3_5f99a66a25	Soundscape	monsters/bloodsucker/sucker_growl_3	61.1	78.6
mutant	sucker_growl_4_82c5a69851	Soundscape	monsters/bloodsucker/sucker_growl_4	81.1	104.2
mutant	swamp_growl_1_5488de1422	Soundscape	monsters/bloodsucker/swamp_growl_1	71.0	91.2
mutant	burer_idle_0_368699cbff	Soundscape	monsters/burer/burer_idle_0	79.8	100.0
mutant	burer_idle_1_3dd86a8b29	Soundscape	monsters/burer/burer_idle_1	81.4	100.0
mutant	chimera_growl_1_c8e49e034e	Soundscape	monsters/chimera/chimera_growl_1	54.5	70.1
mutant	chimera_idle_1_f2d7dee8de	Soundscape	monsters/chimera/chimera_idle_1	73.5	94.5
mutant	chimera_idle_2_2d112f9ee2	Soundscape	monsters/chimera/chimera_idle_2	78.2	100.5
mutant	flesh_idle_0_e8536f1698	Soundscape	monsters/flesh/flesh_idle_0	69.2	85.0
mutant	flesh_idle_1_32276914e2	Soundscape	monsters/flesh/flesh_idle_1	84.9	85.0
mutant	flesh_idle_2_a123a5e894	Soundscape	monsters/flesh/flesh_idle_2	78.6	85.0
mutant	fracture_idle_0_5996c47bc4	Soundscape	monsters/fracture/fracture_idle_0	70.3	90.4
mutant	fracture_idle_1_cee99ad05c	Soundscape	monsters/fracture/fracture_idle_1	64.7	83.2
mutant	fracture_idle_2_76340f4e18	Soundscape	monsters/fracture/fracture_idle_2	85.9	100.0
mutant	giant_breath_1_ddac7f3eb4	Soundscape	monsters/giant/giant_breath_1	62.2	80.0
mutant	giant_breath_2_7eb374c99a	Soundscape	monsters/giant/giant_breath_2	68.7	88.3
mutant	giant_idle_0_c31a464981	Soundscape	monsters/giant/giant_idle_0	81.4	104.7
mutant	giant_idle_0_b7b7d5f2a0	NLC	monsters/giant/giant_idle_0	56.6	72.8
mutant	giant_idle_1_89938fdf9b	Soundscape	monsters/giant/giant_idle_1	73.2	94.1
mutant	giant_idle_1_61657bdab5	NLC	monsters/giant/giant_idle_1	37.5	75.0
mutant	black_idle_f41306b20e	Soundscape	monsters/poltergeist/black_idle	25.0	50.0
mutant	fire_idle_0_b958cf0401	Soundscape	monsters/poltergeist/fire_idle_0	10.0	20.0
mutant	idle_0_e8856557fe	Soundscape	monsters/poltergeist/idle_0	35.0	70.0
mutant	idle_1_36e47d545e	Soundscape	monsters/poltergeist/idle_1	35.0	70.0
mutant	idle_2_78dcd50a41	Soundscape	monsters/poltergeist/idle_2	35.0	70.0
mutant	idle_3_9c2eda4a16	Soundscape	monsters/poltergeist/idle_3	63.8	70.0
mutant	tele_idle_0_44b9986844	Soundscape	monsters/poltergeist/tele_idle_0	15.0	30.0
mutant	tele_idle_0_a00e3f05d7	Soundscape	monsters/poltergeist/~tele_idle_0	9.0	18.0
mutant	tele_idle_0_b0eae8fb98	NLC	monsters/poltergeist/tele_idle_0	15.0	30.0
mutant	snork_idle_0_faed088394	Soundscape	monsters/snork/snork_idle_0	37.5	75.0
mutant	snork_idle_1_c8cc9e4c8f	Soundscape	monsters/snork/snork_idle_1	37.5	75.0
mutant	snork_idle_2_4f6a1b98ba	Soundscape	monsters/snork/snork_idle_2	37.5	75.0
mutant	zombie_eat_1_dccbe7da45	Soundscape	monsters/zombie/zombie_eat_1	15.0	30.0
mutant	zombie_eat_2_ec64aa17bf	Soundscape	monsters/zombie/zombie_eat_2	15.0	30.0
mutant	zombie_eat_3_8b0ca5d8fd	Soundscape	monsters/zombie/zombie_eat_3	15.0	30.0
mutant	zombie_idle_1_3265de9380	Soundscape	monsters/zombie/zombie_idle_1	64.2	70.0
mutant	zombie_idle_10_e055d45c84	Soundscape	monsters/zombie/zombie_idle_10	68.7	70.0
mutant	zombie_idle_11_518ac800f4	Soundscape	monsters/zombie/zombie_idle_11	35.0	70.0
mutant	zombie_idle_12_05cd96cf68	Soundscape	monsters/zombie/zombie_idle_12	54.1	69.5
mutant	zombie_idle_13_af0e2f9325	Soundscape	monsters/zombie/zombie_idle_13	35.0	70.0
mutant	zombie_idle_8_c5fd2ff938	Soundscape	monsters/zombie/zombie_idle_8	35.0	70.0
mutant	zombie_idle_1_f3f6a90206	DSMutants	monsters/zombie/zombie_idle_1	35.0	70.0
mutant	zombie_idle_10_14bbb81caa	DSMutants	monsters/zombie/zombie_idle_10	35.0	70.0
mutant	zombie_idle_11_8f0c5ee347	DSMutants	monsters/zombie/zombie_idle_11	35.0	70.0
mutant	zombie_idle_12_69d27e808c	DSMutants	monsters/zombie/zombie_idle_12	66.2	70.0
mutant	zombie_idle_13_2b318a963d	DSMutants	monsters/zombie/zombie_idle_13	35.0	70.0
mutant	zombie_idle_15_10cfbd607d	DSMutants	monsters/zombie/zombie_idle_15	35.0	70.0
mutant	zombie_idle_2_12781f4472	DSMutants	monsters/zombie/zombie_idle_2	35.0	70.0
mutant	zombie_idle_3_911abef556	DSMutants	monsters/zombie/zombie_idle_3	66.9	70.0
mutant	zombie_idle_4_7dda34f6c6	DSMutants	monsters/zombie/zombie_idle_4	62.6	70.0
mutant	zombie_idle_5_939dd690d3	DSMutants	monsters/zombie/zombie_idle_5	35.0	70.0
mutant	zombie_idle_6_a1c477d563	DSMutants	monsters/zombie/zombie_idle_6	56.0	70.0
mutant	zombie_idle_7_1bb3f281a8	DSMutants	monsters/zombie/zombie_idle_7	35.0	70.0
mutant	zombie_idle_8_7b1f04ea9c	DSMutants	monsters/zombie/zombie_idle_8	54.8	70.0
mutant	zombie_idle_9_8579af03d7	DSMutants	monsters/zombie/zombie_idle_9	35.0	70.0
mutant	rnd_growl_2_e19afa1e9f	DeadAir	ambient/lar_ambients/af3/rnd_growl_2	80.3	103.2
mutant	rnd_mutant_11_d2655f5205	DeadAir	ambient/lar_ambients/af3/rnd_mutant_11	80.4	103.3
mutant	rnd_mutant_13_1b49dd9501	DeadAir	ambient/lar_ambients/af3/rnd_mutant_13	78.2	100.5
mutant	rnd_mutant_14_c690798603	DeadAir	ambient/lar_ambients/af3/rnd_mutant_14	73.4	94.4
mutant	rnd_mutant_2_9baa0e8306	DeadAir	ambient/lar_ambients/af3/rnd_mutant_2	57.4	73.8
mutant	rnd_mutant_3_d56080c8f0	DeadAir	ambient/lar_ambients/af3/rnd_mutant_3	71.7	92.2
mutant	rnd_mutant_4_b22c8ddbd4	DeadAir	ambient/lar_ambients/af3/rnd_mutant_4	62.2	80.0
mutant	rnd_mutant_8_45af6e3380	DeadAir	ambient/lar_ambients/af3/rnd_mutant_8	62.0	79.7
mutant	ambient_mutant_1_339301f320	DeadAir	ambient/rnd_outdoor/ambient_mutant_1	53.7	69.0
mutant	bs_distant_growl_1_7de4436718	DeadAir	ambient/rnd_outdoor/bs_distant_growl_1	68.8	88.5
mutant	rnd_growl_1_4a5ba9b164	DeadAir	ambient/rnd_outdoor/rnd_growl_1	70.0	90.0
mutant	rnd_mutant_13_4a373f8a00	DeadAir	ambient/rnd_outdoor/rnd_mutant_13	85.8	110.3
mutant	rnd_mutant_14_64d6ed8d77	DeadAir	ambient/rnd_outdoor/rnd_mutant_14	75.3	96.8
mutant	rnd_mutant_2_592fd73397	DeadAir	ambient/rnd_outdoor/rnd_mutant_2	79.1	101.7
mutant	rnd_mutant_3_6d5ba80756	DeadAir	ambient/rnd_outdoor/rnd_mutant_3	53.6	68.9
mutant	rnd_mutant_4_beba874d7f	DeadAir	ambient/rnd_outdoor/rnd_mutant_4	76.9	98.9
mutant	rnd_mutant_8_97dfed4c54	DeadAir	ambient/rnd_outdoor/rnd_mutant_8	67.8	87.2
mutant	rnd_mutant_9_2e61b753d4	DeadAir	ambient/rnd_outdoor/rnd_mutant_9	85.7	110.2
mutant	bloodsucker_script_attack_0_14a702d58d	DeadAir	monsters/bloodsucker/distant/bloodsucker_script_attack_0	30.0	60.0
mutant	bloodsucker_script_attack_1_37b40ea751	DeadAir	monsters/bloodsucker/distant/bloodsucker_script_attack_1	68.0	80.0
mutant	idle_0_c6b8cf25af	DeadAir	monsters/bloodsucker/idle_0	56.2	72.3
mutant	idle_1_e937d855d8	DeadAir	monsters/bloodsucker/idle_1	54.8	70.5
mutant	idle_2_46ac304906	DeadAir	monsters/bloodsucker/idle_2	81.9	105.3
mutant	sucker_breath_0_d1764c7a2f	DeadAir	monsters/bloodsucker/sucker_breath_0	66.1	85.0
mutant	sucker_breath_0_3cb908ae77	NLC	monsters/bloodsucker/sucker_breath_0	12.5	25.0
mutant	sucker_growl_0_dfb457feef	DeadAir	monsters/bloodsucker/sucker_growl_0	54.2	69.7
mutant	sucker_growl_1_a4a48a8cf5	DeadAir	monsters/bloodsucker/sucker_growl_1	60.6	77.9
mutant	sucker_growl_2_289d32098b	DeadAir	monsters/bloodsucker/sucker_growl_2	72.2	92.8
mutant	sucker_growl_3_ce588631cd	DeadAir	monsters/bloodsucker/sucker_growl_3	55.5	71.4
mutant	sucker_growl_4_1cd4b3f788	DeadAir	monsters/bloodsucker/sucker_growl_4	76.1	97.8
mutant	boar_eat_0_bfae4a1d31	DeadAir	monsters/boar/boar_eat_0	80.0	102.8
mutant	boar_eat_1_d57ccc9773	DeadAir	monsters/boar/boar_eat_1	54.5	70.1
mutant	boar_eat_2_669cb52ff4	DeadAir	monsters/boar/boar_eat_2	57.0	73.3
mutant	boar_eat_3_409f9a8cfa	DeadAir	monsters/boar/boar_eat_3	81.6	104.9
mutant	boar_idle_0_f075a5f053	DeadAir	monsters/boar/boar_idle_0	61.3	78.8
mutant	boar_idle_1_207d13ef57	DeadAir	monsters/boar/boar_idle_1	65.0	83.5
mutant	boar_idle_2_503dbccb06	DeadAir	monsters/boar/boar_idle_2	75.3	96.9
mutant	boar_idle_3_fff59e1e08	DeadAir	monsters/boar/boar_idle_3	74.5	95.8
mutant	burer_idle_0_123b6da7e3	DeadAir	monsters/burer/burer_idle_0	70.0	90.1
mutant	burer_idle_0_f9918fb83d	NLC	monsters/burer/burer_idle_0	25.0	50.0
mutant	burer_idle_1_e6a4927b42	DeadAir	monsters/burer/burer_idle_1	55.3	71.1
mutant	burer_idle_1_a38e7f1aad	NLC	monsters/burer/burer_idle_1	25.0	50.0
mutant	burer_idle_2_46f63b67a3	DeadAir	monsters/burer/burer_idle_2	72.0	92.6
mutant	burer_idle_2_decb7cdd92	NLC	monsters/burer/burer_idle_2	25.0	50.0
mutant	idle_1_0e0424f212	DeadAir	monsters/cat/idle_1	68.6	80.0
mutant	idle_2_23c9d1aeef	DeadAir	monsters/cat/idle_2	56.4	72.5
mutant	chimera_growling_1_93cb6b1d6c	DeadAir	monsters/chimera/chimera_growling_1	20.0	40.0
mutant	chimera_growling_2_ab4d6b504e	DeadAir	monsters/chimera/chimera_growling_2	20.0	40.0
mutant	chimera_growling_3_27bf6d3744	DeadAir	monsters/chimera/chimera_growling_3	20.0	40.0
mutant	chimera_idle_1_de764ad462	DeadAir	monsters/chimera/chimera_idle_1	25.0	50.0
mutant	chimera_idle_2_9439910525	DeadAir	monsters/chimera/chimera_idle_2	25.0	50.0
mutant	chimera_idle_3_729458ba2f	DeadAir	monsters/chimera/chimera_idle_3	25.0	50.0
mutant	chimera_idle_4_4078a1b56f	DeadAir	monsters/chimera/chimera_idle_4	25.0	50.0
mutant	dist_0_991ab2b87d	DeadAir	monsters/controller/distant/dist_0	30.0	60.0
mutant	dist_1_9d0788b44c	DeadAir	monsters/controller/distant/dist_1	30.0	60.0
mutant	idle_0_e7caa8fb19	DeadAir	monsters/crow/idle_0	57.6	74.1
mutant	idle_1_c2f722a8ba	DeadAir	monsters/crow/idle_1	63.5	81.7
mutant	idle_10_a6a0423b20	DeadAir	monsters/crow/idle_10	54.8	70.5
mutant	idle_11_a8b4629692	DeadAir	monsters/crow/idle_11	66.0	84.9
mutant	idle_12_c4da770fe6	DeadAir	monsters/crow/idle_12	69.0	88.7
mutant	idle_13_e3eaa2f69f	DeadAir	monsters/crow/idle_13	58.0	74.6
mutant	idle_14_3393313682	DeadAir	monsters/crow/idle_14	85.0	109.3
mutant	idle_15_083710f573	DeadAir	monsters/crow/idle_15	67.7	87.0
mutant	idle_2_496679e584	DeadAir	monsters/crow/idle_2	73.3	94.3
mutant	idle_3_8ad47873d8	DeadAir	monsters/crow/idle_3	83.2	107.0
mutant	idle_4_65ab878cf4	DeadAir	monsters/crow/idle_4	73.4	94.4
mutant	idle_5_f9a9fd9d9b	DeadAir	monsters/crow/idle_5	77.1	99.2
mutant	idle_6_b048c25ec2	DeadAir	monsters/crow/idle_6	59.0	75.9
mutant	idle_7_9f67a84526	DeadAir	monsters/crow/idle_7	72.5	93.2
mutant	idle_8_de4bc8a957	DeadAir	monsters/crow/idle_8	57.8	74.3
mutant	idle_9_8f76607f9b	DeadAir	monsters/crow/idle_9	62.2	80.0
mutant	bdog_distant_0_fb99500eb2	DeadAir	monsters/dog/bdog_distant_0	67.3	86.5
mutant	bdog_distant_1_dee3159157	DeadAir	monsters/dog/bdog_distant_1	72.3	93.0
mutant	bdog_distant_1_7824024d41	NLC	monsters/dog/bdog_distant_1	86.6	111.3
mutant	bdog_distant_2_7881fc4a92	DeadAir	monsters/dog/bdog_distant_2	57.0	73.3
mutant	bdog_distant_2_0d4f1df6ee	NLC	monsters/dog/bdog_distant_2	52.6	67.6
mutant	bdog_distant_3_f5e68b464a	DeadAir	monsters/dog/bdog_distant_3	57.5	74.0
mutant	bdog_distant_3_f262b1d3bc	OGSE	monsters/dog/bdog_distant_3	74.4	95.7
mutant	bdog_distant_3_50b8f90dca	NLC	monsters/dog/bdog_distant_3	72.3	93.0
mutant	distant_3_7ba793eb57	SoP	monsters/dog/distant_3	73.5	94.5
mutant	bdog_distant_4_372f440815	DeadAir	monsters/dog/bdog_distant_4	73.2	94.1
mutant	bdog_distant_5_1822fa1221	DeadAir	monsters/dog/bdog_distant_5	52.8	67.8
mutant	bdog_eat_9_b5d315cd7f	DeadAir	monsters/dog/bdog_eat_9	15.0	30.0
mutant	bdog_growl_3_2a0b747ed8	DeadAir	monsters/dog/bdog_growl_3	56.1	60.0
mutant	bdog_growl_4_08e5df931c	DeadAir	monsters/dog/bdog_growl_4	30.0	60.0
mutant	idle_1_8094e01545	NLC	monsters/pseudodog/idle_1	15.0	30.0
mutant	bdog_idle_0_4384aef914	DeadAir	monsters/dog/bdog_idle_0	25.0	50.0
mutant	bdog_idle_1_b94be21adb	DeadAir	monsters/dog/bdog_idle_1	25.0	50.0
mutant	bdog_idle_2_8f70418e91	DeadAir	monsters/dog/bdog_idle_2	25.0	50.0
mutant	bdog_idle_3_2e03a94cfd	DeadAir	monsters/dog/bdog_idle_3	25.0	50.0
mutant	bdog_idle_5_2c1106bc9a	DeadAir	monsters/dog/bdog_idle_5	54.7	70.3
mutant	bdog_idle_6_66665ee569	DeadAir	monsters/dog/bdog_idle_6	76.3	98.1
mutant	bdog_idle_7_32cf2b0314	DeadAir	monsters/dog/bdog_idle_7	52.7	67.7
mutant	bdog_idle_8_24ff8cad3d	DeadAir	monsters/dog/bdog_idle_8	55.7	71.7
mutant	dist_0_e7afd4f25b	DeadAir	monsters/dog/distant/dist_0	72.2	92.8
mutant	dist_1_017808cc6e	DeadAir	monsters/dog/distant/dist_1	69.6	89.4
mutant	dist_10_9c4d5c9234	DeadAir	monsters/dog/distant/dist_10	71.6	92.1
mutant	dist_2_2cae3746e0	DeadAir	monsters/dog/distant/dist_2	59.5	76.5
mutant	dist_3_af5c6d2e7e	DeadAir	monsters/dog/distant/dist_3	52.6	67.6
mutant	dist_4_ea53fdce5c	DeadAir	monsters/dog/distant/dist_4	72.9	93.7
mutant	dist_5_c32be40b0a	DeadAir	monsters/dog/distant/dist_5	70.0	90.0
mutant	dist_6_f05a6a4762	DeadAir	monsters/dog/distant/dist_6	80.9	104.0
mutant	dist_7_ff46eb0076	DeadAir	monsters/dog/distant/dist_7	66.9	86.0
mutant	dist_8_c2bd83ea42	DeadAir	monsters/dog/distant/dist_8	60.5	77.8
mutant	dist_9_81884bd499	DeadAir	monsters/dog/distant/dist_9	55.0	70.7
mutant	dist_0_5d5acbc740	DeadAir	monsters/giant/distant/dist_0	81.7	105.1
mutant	dist_1_696f531748	DeadAir	monsters/giant/distant/dist_1	72.6	93.3
mutant	dist_2_62357f1e91	DeadAir	monsters/giant/distant/dist_2	81.9	105.2
mutant	giant_breath_0_6d5849c8d1	DeadAir	monsters/giant/giant_breath_0	70.4	90.5
mutant	giant_breath_1_89a548733c	DeadAir	monsters/giant/giant_breath_1	71.4	91.8
mutant	giant_breath_2_5bcd00f708	DeadAir	monsters/giant/giant_breath_2	57.7	74.2
mutant	karlik_eat_0_9d1f0efbc2	DeadAir	monsters/karlik/karlik_eat_0	15.0	30.0
mutant	karlik_idle_1_fb50333105	DeadAir	monsters/karlik/karlik_idle_1	84.4	108.6
mutant	dist_0_8b736c2fe0	DeadAir	monsters/poltergeist/distant/dist_0	63.1	81.2
mutant	dist_1_ac59d20021	DeadAir	monsters/poltergeist/distant/dist_1	80.9	104.0
mutant	dist_3_1667178ecf	DeadAir	monsters/poltergeist/distant/dist_3	62.6	80.4
mutant	dist_4_3bae68f3df	DeadAir	monsters/poltergeist/distant/dist_4	85.5	109.9
mutant	dist_5_5426de883b	DeadAir	monsters/poltergeist/distant/dist_5	66.8	85.9
mutant	dist_6_381deabf1e	DeadAir	monsters/poltergeist/distant/dist_6	80.8	103.9
mutant	fire_idle_0_f2a8fac361	DeadAir	monsters/poltergeist/fire_idle_0	58.7	75.5
mutant	fire_idle_0_da35132dd5	NLC	monsters/poltergeist/fire_idle_0	25.0	50.0
mutant	idle_0_7138278201	DeadAir	monsters/poltergeist/idle_0	83.2	107.0
mutant	idle_1_1e2e9915d5	DeadAir	monsters/poltergeist/idle_1	79.1	101.7
mutant	idle_2_ed7250e8f8	DeadAir	monsters/poltergeist/idle_2	57.9	74.4
mutant	idle_3_44f8de3a53	DeadAir	monsters/poltergeist/idle_3	77.1	99.1
mutant	idle_0_196525fca2	DeadAir	monsters/pseudodog/idle_0	68.3	87.8
mutant	idle_1_bae372f174	DeadAir	monsters/pseudodog/idle_1	75.9	97.6
mutant	idle_2_53e2a3c202	DeadAir	monsters/pseudodog/idle_2	81.9	105.3
mutant	idle_0_d0852d33aa	DeadAir	monsters/rat/idle_0	56.9	73.2
mutant	idle_1_948e318bf2	DeadAir	monsters/rat/idle_1	61.1	78.6
mutant	idle_2_3052333dde	DeadAir	monsters/rat/idle_2	74.5	95.7
mutant	idle_3_2a0e500a58	DeadAir	monsters/rat/idle_3	78.0	100.3
mutant	idle_4_84e2bfd17a	DeadAir	monsters/rat/idle_4	5.0	10.0
mutant	idle_5_fa3747ea22	DeadAir	monsters/rat/idle_5	5.0	10.0
mutant	idle_8_ae3eb3c8b0	DeadAir	monsters/stalker/hiccup/idle_8	71.9	92.4
mutant	tushkano_eat_0_e174466119	DeadAir	monsters/tushkano/tushkano_eat_0	57.8	74.3
mutant	tushkano_idle_0_7dca0d813f	DeadAir	monsters/tushkano/tushkano_idle_0	59.5	76.5
mutant	tushkano_idle_1_f97730a652	DeadAir	monsters/tushkano/tushkano_idle_1	84.3	108.3
mutant	tushkano_idle_2_cb271d5b42	DeadAir	monsters/tushkano/tushkano_idle_2	66.9	86.0
mutant	tushkano_idle_3_a742e459b1	DeadAir	monsters/tushkano/tushkano_idle_3	70.3	90.4
mutant	zombie_idle_1_8c14025e37	DeadAir	monsters/zombie/zombie_idle_1	53.4	68.6
mutant	zombie_idle_1_e068ac2f93	NLC	monsters/zombie/zombie_idle_1	15.0	30.0
mutant	zombie_idle_10_46ef8f8b6e	DeadAir	monsters/zombie/zombie_idle_10	70.1	90.1
mutant	zombie_idle_10_fd9732b605	NLC	monsters/zombie/zombie_idle_10	15.0	30.0
mutant	zombie_idle_11_6add760d9c	DeadAir	monsters/zombie/zombie_idle_11	53.3	68.5
mutant	zombie_idle_11_ee99863acf	NLC	monsters/zombie/zombie_idle_11	15.0	30.0
mutant	zombie_idle_12_c7c4b7a890	DeadAir	monsters/zombie/zombie_idle_12	70.9	91.1
mutant	zombie_idle_12_136416dc27	NLC	monsters/zombie/zombie_idle_12	15.0	30.0
mutant	zombie_idle_13_9ba67405b4	DeadAir	monsters/zombie/zombie_idle_13	82.9	106.6
mutant	zombie_idle_13_1468baa443	NLC	monsters/zombie/zombie_idle_13	15.0	30.0
mutant	zombie_idle_14_de88f443c6	DeadAir	monsters/zombie/zombie_idle_14	82.8	106.4
mutant	zombie_idle_14_f2fc945897	NLC	monsters/zombie/zombie_idle_14	15.0	30.0
mutant	zombie_idle_15_2f4201116c	DeadAir	monsters/zombie/zombie_idle_15	71.3	91.6
mutant	zombie_idle_15_e543915036	NLC	monsters/zombie/zombie_idle_15	15.0	30.0
mutant	zombie_idle_16_00fce776ac	DeadAir	monsters/zombie/zombie_idle_16	54.5	70.0
mutant	zombie_idle_16_25bbe1ee56	NLC	monsters/zombie/zombie_idle_16	15.0	30.0
mutant	zombie_idle_17_fe69a65ce2	DeadAir	monsters/zombie/zombie_idle_17	87.4	112.3
mutant	zombie_idle_17_d374a90bdc	NLC	monsters/zombie/zombie_idle_17	15.0	30.0
mutant	zombie_idle_2_0e4aa0bd61	DeadAir	monsters/zombie/zombie_idle_2	71.7	92.2
mutant	zombie_idle_2_3a6b36ae4e	NLC	monsters/zombie/zombie_idle_2	15.0	30.0
mutant	zombie_idle_3_5a8aad9151	DeadAir	monsters/zombie/zombie_idle_3	74.0	95.1
mutant	zombie_idle_3_47b488ba10	NLC	monsters/zombie/zombie_idle_3	15.0	30.0
mutant	zombie_idle_4_225c853fd7	DeadAir	monsters/zombie/zombie_idle_4	83.3	107.1
mutant	zombie_idle_4_6839ce9228	NLC	monsters/zombie/zombie_idle_4	15.0	30.0
mutant	zombie_idle_5_951cf5b303	DeadAir	monsters/zombie/zombie_idle_5	61.8	79.5
mutant	zombie_idle_5_9f2137c2a3	NLC	monsters/zombie/zombie_idle_5	15.0	30.0
mutant	zombie_idle_6_41e1a6cd28	DeadAir	monsters/zombie/zombie_idle_6	52.7	67.7
mutant	zombie_idle_6_6fc0fe909b	NLC	monsters/zombie/zombie_idle_6	15.0	30.0
mutant	zombie_idle_7_a1c6881f46	DeadAir	monsters/zombie/zombie_idle_7	55.2	71.0
mutant	zombie_idle_7_47e45682ee	NLC	monsters/zombie/zombie_idle_7	15.0	30.0
mutant	zombie_idle_8_abd56f7a12	DeadAir	monsters/zombie/zombie_idle_8	81.5	104.8
mutant	zombie_idle_8_2858839a33	NLC	monsters/zombie/zombie_idle_8	15.0	30.0
mutant	zombie_idle_9_c8194f60df	DeadAir	monsters/zombie/zombie_idle_9	82.8	106.5
mutant	zombie_idle_9_62294a312b	NLC	monsters/zombie/zombie_idle_9	15.0	30.0
mutant	idle_0_2a8919d4d0	OGSE	monsters/bloodsucker/idle_0	17.5	35.0
mutant	idle_1_ccdf992e41	OGSE	monsters/bloodsucker/idle_1	17.5	35.0
mutant	idle_2_6133263bd9	OGSE	monsters/bloodsucker/idle_2	17.5	35.0
mutant	idle_3_030e20b4d2	OGSE	monsters/bloodsucker/idle_3	17.5	35.0
mutant	idle_4_860cbbe565	OGSE	monsters/bloodsucker/idle_4	17.5	35.0
mutant	idle_5_cec6770a85	OGSE	monsters/bloodsucker/idle_5	17.5	35.0
mutant	sucker_breath_0_73da3afe9c	OGSE	monsters/bloodsucker/sucker_breath_0	22.5	45.0
mutant	sucker_breath_mix_0_7f151628d2	OGSE	monsters/bloodsucker/sucker_breath_mix_0	22.5	45.0
mutant	sucker_growl_0_b2985e6f09	OGSE	monsters/bloodsucker/sucker_growl_0	53.1	65.0
mutant	sucker_growl_1_7624f070d7	OGSE	monsters/bloodsucker/sucker_growl_1	32.5	65.0
mutant	sucker_growl_2_df1dcad15f	OGSE	monsters/bloodsucker/sucker_growl_2	60.5	65.0
mutant	sucker_growl_3_be7bfea017	OGSE	monsters/bloodsucker/sucker_growl_3	32.5	65.0
mutant	sucker_growl_4_d9a98ac222	OGSE	monsters/bloodsucker/sucker_growl_4	32.5	65.0
mutant	idle_0_7e293b498a	OGSE	monsters/bloodsucker1/idle_0	62.8	80.7
mutant	idle_1_a5c5f4342b	OGSE	monsters/bloodsucker1/idle_1	82.4	100.0
mutant	idle_2_551ba9551b	OGSE	monsters/bloodsucker1/idle_2	73.1	94.0
mutant	sucker_breath_0_8a6b91e1a5	OGSE	monsters/bloodsucker1/sucker_breath_0	81.0	100.0
mutant	sucker_breath_mix_0_61d8168265	OGSE	monsters/bloodsucker1/sucker_breath_mix_0	62.2	80.0
mutant	sucker_growl_1_c4d815398c	OGSE	monsters/bloodsucker1/sucker_growl_1	69.6	89.4
mutant	sucker_growl_2_b842b29869	OGSE	monsters/bloodsucker1/sucker_growl_2	81.5	100.0
mutant	sucker_growl_3_9f28c92066	OGSE	monsters/bloodsucker1/sucker_growl_3	71.3	91.7
mutant	idle_0_f7e4089aa5	OGSE	monsters/bloodsucker3/idle_0	85.4	100.0
mutant	idle_1_c6640af9a8	OGSE	monsters/bloodsucker3/idle_1	76.3	98.1
mutant	idle_2_23a84e8a2b	OGSE	monsters/bloodsucker3/idle_2	81.2	100.0
mutant	idle_3_17567900ce	OGSE	monsters/bloodsucker3/idle_3	64.4	82.8
mutant	idle_4_6c355a7013	OGSE	monsters/bloodsucker3/idle_4	60.9	78.4
mutant	idle_5_332dbf8466	OGSE	monsters/bloodsucker3/idle_5	65.9	84.7
mutant	idle_6_baccbfffaf	OGSE	monsters/bloodsucker3/idle_6	68.0	87.4
mutant	idle_7_f0f0f30155	OGSE	monsters/bloodsucker3/idle_7	55.8	71.7
mutant	sucker_breath_0_e21bbbd292	OGSE	monsters/bloodsucker3/sucker_breath_0	84.7	100.0
mutant	sucker_breath_mix_0_a7500a5b6d	OGSE	monsters/bloodsucker3/sucker_breath_mix_0	71.0	91.3
mutant	sucker_growl_1_a69a987522	OGSE	monsters/bloodsucker3/sucker_growl_1	76.6	98.5
mutant	sucker_growl_2_61c1e5f23f	OGSE	monsters/bloodsucker3/sucker_growl_2	82.8	100.0
mutant	burer_idle_3_1dfed8fe32	OGSE	monsters/burer/burer_idle_3	5.0	10.0
mutant	burer_idle_1_849882e840	OGSE	monsters/burer2/burer_idle_1	5.0	10.0
mutant	burer_idle_2_d18dc836a4	OGSE	monsters/burer2/burer_idle_2	5.0	10.0
mutant	burer_idle_3_973c2a15ad	OGSE	monsters/burer2/burer_idle_3	5.0	10.0
mutant	growling_e83be9bbd9	OGSE	monsters/burer2/growling	5.0	10.0
mutant	cat_eat_cfd436c2fd	OGSE	monsters/cat/cat_eat	5.0	10.0
mutant	cat_growling_f5fad7dfbc	OGSE	monsters/cat/cat_growling	5.0	10.0
mutant	cat_idle_773b8713e1	OGSE	monsters/cat/cat_idle	5.0	10.0
mutant	npc_harold_breathe_a_02_2_b9ed3fb34e	OGSE	monsters/controller1/npc_harold_breathe_a_02 (2)	76.2	98.0
mutant	npc_harold_breathe_b_02_95c7ea69ea	OGSE	monsters/controller1/npc_harold_breathe_b_02	78.4	100.0
mutant	idle_0_4a38c15216	OGSE	monsters/crow/idle_0	68.5	88.1
mutant	idle_1_80b9fe6000	OGSE	monsters/crow/idle_1	67.0	86.2
mutant	idle_2_1d500f5efa	OGSE	monsters/crow/idle_2	71.3	91.7
mutant	bdog_distant_0_2d8915d223	OGSE	monsters/dog/bdog_distant_0	63.7	81.8
mutant	bdog_distant_4_dcbc4f147c	OGSE	monsters/dog/bdog_distant_4	84.5	108.7
mutant	bdog_distant_5_596ed79eba	OGSE	monsters/dog/bdog_distant_5	67.2	86.4
mutant	bdog_eat_0_da70497fae	OGSE	monsters/dog/bdog_eat_0	15.0	30.0
mutant	bdog_eat_2_6e0766c96a	OGSE	monsters/dog/bdog_eat_2	15.0	30.0
mutant	bdog_eat_3_51d2f21e4b	OGSE	monsters/dog/bdog_eat_3	15.0	30.0
mutant	bdog_eat_4_cfb4e372bc	OGSE	monsters/dog/bdog_eat_4	15.0	30.0
mutant	bdog_eat_5_e0f9ec65a9	OGSE	monsters/dog/bdog_eat_5	15.0	30.0
mutant	bdog_eat_6_a68da68249	OGSE	monsters/dog/bdog_eat_6	15.0	30.0
mutant	bdog_eat_7_b0137b719d	OGSE	monsters/dog/bdog_eat_7	15.0	30.0
mutant	bdog_idle_0_a01801c7d8	OGSE	monsters/dog/bdog_idle_0	62.4	80.2
mutant	guard_dog_distant_ade1dcbed7	OGSE	monsters/dog/guard_dog_distant	73.5	94.5
mutant	guard_dog_eat_1_f990c62326	OGSE	monsters/dog/guard_dog_eat_1	15.0	30.0
mutant	guard_dog_eat_2_0e3e3f9d9a	OGSE	monsters/dog/guard_dog_eat_2	15.0	30.0
mutant	guard_dog_idle_1_9b54d6568c	OGSE	monsters/dog/guard_dog_idle_1	54.9	70.5
mutant	guard_dog_idle_2_e6ec724910	OGSE	monsters/dog/guard_dog_idle_2	70.2	90.3
mutant	guard_dog_idle_3_208c60c19b	OGSE	monsters/dog/guard_dog_idle_3	59.2	76.1
mutant	idle_0_4e63f48514	OGSE	monsters/dog/idle_0	76.9	98.8
mutant	idle_0_b3e5073a62	NLC	monsters/dog/idle_0	10.0	20.0
mutant	idle_1_e2c8ffb1ee	OGSE	monsters/dog/idle_1	7.5	15.0
mutant	bdog_idle_6_cccaafc84b	OGSE	monsters/dog1/bdog_idle_6	5.0	10.0
mutant	idle_1_f01a5e559f	NLC	monsters/dog/idle_1	10.0	20.0
mutant	idle_2_0efc15d22c	OGSE	monsters/dog/idle_2	85.9	110.4
mutant	bdog_distant_0_1a27801e03	OGSE	monsters/dog1/bdog_distant_0	7.5	15.0
mutant	bdog_distant_1_87e3814480	OGSE	monsters/dog1/bdog_distant_1	7.5	15.0
mutant	bdog_distant_10_5577eb0b79	OGSE	monsters/dog1/bdog_distant_10	7.5	15.0
mutant	bdog_distant_11_7e9f550581	OGSE	monsters/dog1/bdog_distant_11	7.5	15.0
mutant	bdog_distant_2_5249d69385	OGSE	monsters/dog1/bdog_distant_2	7.5	15.0
mutant	bdog_distant_3_4df4f38e04	OGSE	monsters/dog1/bdog_distant_3	7.5	15.0
mutant	bdog_distant_4_d5b0159338	OGSE	monsters/dog1/bdog_distant_4	7.5	15.0
mutant	bdog_distant_5_00e227c7b5	OGSE	monsters/dog1/bdog_distant_5	7.5	15.0
mutant	bdog_distant_6_984c6a53bc	OGSE	monsters/dog1/bdog_distant_6	7.5	15.0
mutant	bdog_distant_7_401ea05ee3	OGSE	monsters/dog1/bdog_distant_7	7.5	15.0
mutant	bdog_distant_8_a7df6f727f	OGSE	monsters/dog1/bdog_distant_8	7.5	15.0
mutant	bdog_distant_9_f7fad1ab06	OGSE	monsters/dog1/bdog_distant_9	7.5	15.0
mutant	bdog_eat_1_109132ae00	OGSE	monsters/dog1/bdog_eat_1	5.0	10.0
mutant	bdog_eat_10_4692ca0678	OGSE	monsters/dog1/bdog_eat_10	5.0	10.0
mutant	bdog_eat_2_ce30220703	OGSE	monsters/dog1/bdog_eat_2	5.0	10.0
mutant	bdog_eat_3_dfae29f7fb	OGSE	monsters/dog1/bdog_eat_3	5.0	10.0
mutant	bdog_eat_4_6dedb2045a	OGSE	monsters/dog1/bdog_eat_4	5.0	10.0
mutant	bdog_eat_5_6cb408b9dc	OGSE	monsters/dog1/bdog_eat_5	5.0	10.0
mutant	bdog_eat_6_e8cb12bfb9	OGSE	monsters/dog1/bdog_eat_6	5.0	10.0
mutant	bdog_eat_7_f734831149	OGSE	monsters/dog1/bdog_eat_7	5.0	10.0
mutant	bdog_eat_8_5ac8c47f04	OGSE	monsters/dog1/bdog_eat_8	5.0	10.0
mutant	bdog_eat_9_39ef456acf	OGSE	monsters/dog1/bdog_eat_9	5.0	10.0
mutant	bdog_idle_0_9aa313fb36	OGSE	monsters/dog1/bdog_idle_0	5.0	10.0
mutant	bdog_idle_1_a573f5f98d	OGSE	monsters/dog1/bdog_idle_1	5.0	10.0
mutant	bdog_idle_2_f86d9a064c	OGSE	monsters/dog1/bdog_idle_2	5.0	10.0
mutant	bdog_idle_3_f0aa1455d2	OGSE	monsters/dog1/bdog_idle_3	5.0	10.0
mutant	bdog_idle_4_cc72910e54	OGSE	monsters/dog1/bdog_idle_4	5.0	10.0
mutant	bdog_idle_7_8b75c4ca25	OGSE	monsters/dog1/bdog_idle_7	5.0	10.0
mutant	bdog_idle_8_c1a5f92f3c	OGSE	monsters/dog1/bdog_idle_8	5.0	10.0
mutant	bdog_idle_9_18185dd0f8	OGSE	monsters/dog1/bdog_idle_9	5.0	10.0
mutant	growling_1_87efe9a868	OGSE	monsters/dog1/growling_1	6.5	13.0
mutant	flesh_eat_0_e0d6a14f95	OGSE	monsters/flesh/flesh_eat_0	15.0	30.0
mutant	flesh_eat_1_0a7945edf8	OGSE	monsters/flesh/flesh_eat_1	15.0	30.0
mutant	flesh_eat_1_690570edf7	NLC	monsters/flesh/flesh_eat_1	15.0	30.0
mutant	flesh_eat_2_bf9f57361e	OGSE	monsters/flesh/flesh_eat_2	15.0	30.0
mutant	flesh_eat_3_c8053019e5	OGSE	monsters/flesh/flesh_eat_3	15.0	30.0
mutant	flesh_eat_4_8a5b152096	OGSE	monsters/flesh/flesh_eat_4	15.0	30.0
mutant	flesh_eat_5_80754f87b8	OGSE	monsters/flesh/flesh_eat_5	15.0	30.0
mutant	flesh_idle_0_459bd3b73f	OGSE	monsters/flesh/flesh_idle_0	78.5	101.0
mutant	flesh_idle_1_0bcb703960	OGSE	monsters/flesh/flesh_idle_1	85.0	100.0
mutant	flesh_idle_10_a5292982b8	OGSE	monsters/flesh/flesh_idle_10	7.5	15.0
mutant	flesh_idle_11_d58ae08068	OGSE	monsters/flesh/flesh_idle_11	7.5	15.0
mutant	flesh_idle_12_2435917c89	OGSE	monsters/flesh/flesh_idle_12	7.5	15.0
mutant	flesh_idle_21_3c79fb423e	OGSE	monsters/flesh/flesh_idle_21	86.6	100.0
mutant	flesh_idle_13_7616399293	OGSE	monsters/flesh/flesh_idle_13	7.5	15.0
mutant	flesh_idle_14_fe55b5212a	OGSE	monsters/flesh/flesh_idle_14	7.5	15.0
mutant	flesh_idle_15_42da266d2d	OGSE	monsters/flesh/flesh_idle_15	7.5	15.0
mutant	flesh_idle_16_317ad81287	OGSE	monsters/flesh/flesh_idle_16	62.7	80.6
mutant	flesh_idle_17_14ff344929	OGSE	monsters/flesh/flesh_idle_17	83.5	100.0
mutant	flesh_idle_18_927b989a57	OGSE	monsters/flesh/flesh_idle_18	69.6	89.4
mutant	flesh_idle_19_77fac92347	OGSE	monsters/flesh/flesh_idle_19	75.2	96.6
mutant	flesh_idle_2_bc0c0de1bc	OGSE	monsters/flesh/flesh_idle_2	66.7	85.8
mutant	flesh_idle_20_dfaf018fc6	OGSE	monsters/flesh/flesh_idle_20	63.7	81.9
mutant	flesh_idle_3_343aae3797	OGSE	monsters/flesh/flesh_idle_3	79.0	100.0
mutant	flesh_idle_4_b62216606e	OGSE	monsters/flesh/flesh_idle_4	87.0	100.0
mutant	flesh_idle_5_4bf46af373	OGSE	monsters/flesh/flesh_idle_5	7.5	15.0
mutant	flesh_idle_6_bc7084dd9b	OGSE	monsters/flesh/flesh_idle_6	7.5	15.0
mutant	flesh_idle_7_b6b29a6e2d	OGSE	monsters/flesh/flesh_idle_7	7.5	15.0
mutant	flesh_idle_8_fd505f3300	OGSE	monsters/flesh/flesh_idle_8	7.5	15.0
mutant	flesh_idle_9_1ccd030ea4	OGSE	monsters/flesh/flesh_idle_9	7.5	15.0
mutant	giant_breath_0_e68a4cffd9	OGSE	monsters/giant2/giant_breath_0	56.3	72.4
mutant	giant_breath_1_58bf0d6589	OGSE	monsters/giant2/giant_breath_1	79.5	100.0
mutant	giant_breath_2_b3cee9d2ae	OGSE	monsters/giant2/giant_breath_2	69.6	89.5
mutant	giant_breath_3_1b95a4bbc4	OGSE	monsters/giant2/giant_breath_3	69.1	88.9
mutant	giant_breath_4_f6d8bfc0f1	OGSE	monsters/giant2/giant_breath_4	75.5	97.1
mutant	giant_breath_5_f7f0bcec10	OGSE	monsters/giant2/giant_breath_5	84.8	100.0
mutant	giant_breath_6_c334fa05b9	OGSE	monsters/giant2/giant_breath_6	82.1	100.0
mutant	giant_idle_0_ef74af8dde	OGSE	monsters/giant2/giant_idle_0	69.8	89.7
mutant	giant_idle_2_bc77f6328f	OGSE	monsters/giant2/giant_idle_2	62.1	79.9
mutant	giant_idle_3_381ff4535e	OGSE	monsters/giant2/giant_idle_3	73.9	95.0
mutant	idle_10_de18ecfb44	OGSE	monsters/himera/idle_10	5.0	10.0
mutant	idle_14_440cf14b87	OGSE	monsters/himera/idle_14	5.0	10.0
mutant	idle_2_968c3ae17a	OGSE	monsters/himera/idle_2	5.0	10.0
mutant	idle_3_c0d6c0fb68	OGSE	monsters/himera/idle_3	5.0	10.0
mutant	idle_4_1c9ff4d1b6	OGSE	monsters/himera/idle_4	5.0	10.0
mutant	idle_5_a52575725a	OGSE	monsters/himera/idle_5	5.0	10.0
mutant	idle_6_34a1f7d7bf	OGSE	monsters/himera/idle_6	5.0	10.0
mutant	idle_7_cc24fd8860	OGSE	monsters/himera/idle_7	5.0	10.0
mutant	idle_8_ca2db26d4b	OGSE	monsters/himera/idle_8	5.0	10.0
mutant	idle_9_66830cdd26	OGSE	monsters/himera/idle_9	5.0	10.0
mutant	sucker_breath_0_79bd8274c2	OGSE	monsters/himera/sucker_breath_0	3.5	7.0
mutant	sucker_growl_0_15a477ad05	OGSE	monsters/himera/sucker_growl_0	3.5	7.0
mutant	sucker_growl_1_e8003a8e64	OGSE	monsters/himera/sucker_growl_1	3.5	7.0
mutant	sucker_growl_2_7e370c9209	OGSE	monsters/himera/sucker_growl_2	3.5	7.0
mutant	idle_1_790ed63c36	OGSE	monsters/himera1/idle_1	5.0	10.0
mutant	idle_10_fbf011f290	OGSE	monsters/himera1/idle_10	5.0	10.0
mutant	idle_11_4d263007c1	OGSE	monsters/himera1/idle_11	5.0	10.0
mutant	idle_12_631cf3d3bc	OGSE	monsters/himera1/idle_12	5.0	10.0
mutant	idle_13_f2fd478fc5	OGSE	monsters/himera1/idle_13	5.0	10.0
mutant	sucker_breath_0_f59a3d13fa	OGSE	monsters/himera1/sucker_breath_0	3.5	7.0
mutant	sucker_growl_1_004e1c2b16	OGSE	monsters/himera1/sucker_growl_1	3.5	7.0
mutant	sucker_growl_2_82f61bb95b	OGSE	monsters/himera1/sucker_growl_2	3.5	7.0
mutant	idle_0_029a0a23b5	OGSE	monsters/poltergeist1/idle_0	54.8	70.4
mutant	idle_1_1953693216	OGSE	monsters/poltergeist1/idle_1	82.9	100.0
mutant	idle_2_2ad22b4061	OGSE	monsters/poltergeist1/idle_2	52.8	67.9
mutant	idle_3_11b4597db9	OGSE	monsters/poltergeist1/idle_3	52.6	67.7
mutant	idle_4_1ea01927fc	OGSE	monsters/poltergeist1/idle_4	71.7	92.2
mutant	idle_5_e733737c99	OGSE	monsters/poltergeist1/idle_5	83.6	100.0
mutant	idle_0_32b14eb91a	OGSE	monsters/pseudodog/idle_0	54.6	70.2
mutant	pdog_idle_0_e16b822290	OGSE	monsters/pseudodog/pdog_idle_0	79.4	100.0
mutant	pdog_idle_1_bb215a130d	OGSE	monsters/pseudodog/pdog_idle_1	84.3	100.0
mutant	pdog_idle_2_8da1d041bb	OGSE	monsters/pseudodog/pdog_idle_2	84.6	100.0
mutant	pdog_idle_3_10cdc6e5c9	OGSE	monsters/pseudodog/pdog_idle_3	56.8	73.0
mutant	pdog_idle_4_80ce92f093	OGSE	monsters/pseudodog/pdog_idle_4	68.0	87.4
mutant	idle_0_f2c0b61069	OGSE	monsters/rat/idle_0	63.1	81.1
mutant	idle_1_7ccf556688	OGSE	monsters/rat/idle_1	62.7	80.6
mutant	idle_2_a63cbd338e	OGSE	monsters/rat/idle_2	58.6	75.3
mutant	idle_3_da97181e3a	OGSE	monsters/rat/idle_3	69.0	88.7
mutant	idle_4_586c83c59a	OGSE	monsters/rat/idle_4	3.5	7.0
mutant	idle_5_488a7e7713	OGSE	monsters/rat/idle_5	3.5	7.0
mutant	growling_1_2d3881b493	OGSE	monsters/rat_strong/growling_1	3.5	7.0
mutant	growling_2_5502d586e1	OGSE	monsters/rat_strong/growling_2	3.5	7.0
mutant	idle_1_d1e1c426ee	OGSE	monsters/rat_strong/idle_1	3.5	7.0
mutant	snork_idle_0_fc9686b12f	OGSE	monsters/snork/snork_idle_0	5.0	10.0
mutant	snork_idle_1_fa83ad1189	OGSE	monsters/snork/snork_idle_1	5.0	10.0
mutant	snork_idle_2_82c26ddb4e	OGSE	monsters/snork/snork_idle_2	5.0	10.0
mutant	snork_idle_0_d60c5ae106	NLC	monsters/snork/snork_idle_0	17.5	35.0
mutant	snork_idle_1_32b22c0679	NLC	monsters/snork/snork_idle_1	17.5	35.0
mutant	snork_idle_2_b5694660dd	NLC	monsters/snork/snork_idle_2	17.5	35.0
mutant	npc_horse_idle_03_9b79651b55	OGSE	monsters/snork2/npc_horse_idle_03	85.8	100.0
mutant	snork_idle_1_1cdc18a8cd	OGSE	monsters/snork2/snork_idle_1	5.0	10.0
mutant	snork_idle_2_79efb31d0c	OGSE	monsters/snork2/snork_idle_2	5.0	10.0
mutant	snork_idle_3_e91bade4d0	OGSE	monsters/snork2/snork_idle_3	5.0	10.0
mutant	idle_0_bf7fdc85b5	OGSE	monsters/tushkano1/idle_0	69.4	89.3
mutant	idle_1_a6f4d5adce	OGSE	monsters/tushkano1/idle_1	60.5	77.8
mutant	idle_2_d89cb74104	OGSE	monsters/tushkano1/idle_2	82.4	100.0
mutant	idle_3_6a703ecd1e	OGSE	monsters/tushkano1/idle_3	57.6	74.1
mutant	zombie_eat_0_25aac276f2	OGSE	monsters/zombie/zombie_eat_0	2.5	5.0
mutant	zombie_eat_1_861cd11da5	OGSE	monsters/zombie/zombie_eat_1	2.5	5.0
mutant	zombie_eat_2_1f311eba59	OGSE	monsters/zombie/zombie_eat_2	2.5	5.0
mutant	zombie_growling_bffbcfe650	OGSE	monsters/zombie/zombie_growling	5.0	10.0
mutant	zombie_idle_0_f28969e315	OGSE	monsters/zombie/zombie_idle_0	12.5	25.0
mutant	zombie_idle_1_7d761cd3e2	OGSE	monsters/zombie/zombie_idle_1	12.5	25.0
mutant	zombie_idle_10_095c1cc05b	OGSE	monsters/zombie/zombie_idle_10	12.5	25.0
mutant	zombie_idle_11_09173a06e2	OGSE	monsters/zombie/zombie_idle_11	12.5	25.0
mutant	zombie_idle_12_254e22120e	OGSE	monsters/zombie/zombie_idle_12	12.5	25.0
mutant	zombie_idle_13_0c5ad45630	OGSE	monsters/zombie/zombie_idle_13	12.5	25.0
mutant	zombie_idle_14_4198700b85	OGSE	monsters/zombie/zombie_idle_14	12.5	25.0
mutant	zombie_idle_15_34ad271559	OGSE	monsters/zombie/zombie_idle_15	12.5	25.0
mutant	zombie_idle_16_477e53e84b	OGSE	monsters/zombie/zombie_idle_16	12.5	25.0
mutant	zombie_idle_17_f4abf64514	OGSE	monsters/zombie/zombie_idle_17	12.5	25.0
mutant	zombie_idle_2_5fe685ea65	OGSE	monsters/zombie/zombie_idle_2	12.5	25.0
mutant	zombie_idle_3_f64cd63a9f	OGSE	monsters/zombie/zombie_idle_3	12.5	25.0
mutant	zombie_idle_4_36b508f4d3	OGSE	monsters/zombie/zombie_idle_4	12.5	25.0
mutant	zombie_idle_5_28860fa42b	OGSE	monsters/zombie/zombie_idle_5	12.5	25.0
mutant	zombie_idle_6_1712a4d8cf	OGSE	monsters/zombie/zombie_idle_6	12.5	25.0
mutant	zombie_idle_8_7807647a73	OGSE	monsters/zombie/zombie_idle_8	12.5	25.0
mutant	zombie_idle_9_02484117a6	OGSE	monsters/zombie/zombie_idle_9	12.5	25.0
mutant	zombie_eat_0_50dde284af	OGSE	monsters/zombie_s/zombie_eat_0	10.0	20.0
mutant	zombie_eat_0_cf9b5104ea	Solyanka	monsters/zombie_s/zombie_eat_0	10.0	20.0
mutant	zombie_eat_1_5ef6595607	OGSE	monsters/zombie_s/zombie_eat_1	10.0	20.0
mutant	zombie_eat_2_218ea3161a	OGSE	monsters/zombie_s/zombie_eat_2	10.0	20.0
mutant	zombie_eat_3_d888990d1a	OGSE	monsters/zombie_s/zombie_eat_3	10.0	20.0
mutant	zombie_eat_3_44efa77370	Solyanka	monsters/zombie_s/zombie_eat_3	10.0	20.0
mutant	zombie_idle_1_d4677f21fd	OGSE	monsters/zombie_s/zombie_idle_1	10.0	20.0
mutant	zombie_idle_2_a0075af392	OGSE	monsters/zombie_s/zombie_idle_2	10.0	20.0
mutant	zombie_idle_3_fec4cafbee	OGSE	monsters/zombie_s/zombie_idle_3	10.0	20.0
mutant	zombie_idle_4_48a406ef58	OGSE	monsters/zombie_s/zombie_idle_4	10.0	20.0
mutant	zombie_idle_5_9c4f80bca5	OGSE	monsters/zombie_s/zombie_idle_5	10.0	20.0
mutant	fog_ambient_mutant_2_e25f145edd	Prosector	ambient/rnd_outdoor/fog_ambient_mutant_2	57.4	73.8
mutant	cat_eat_0_fa3faf52ac	Prosector	monsters/cat/cat_eat_0	25.0	50.0
mutant	cat_idle_0_156d83b83d	Prosector	monsters/cat/cat_idle_0	30.0	60.0
mutant	cat_idle_1_afe7a66eb7	Prosector	monsters/cat/cat_idle_1	30.0	60.0
mutant	cat_idle_2_958d5c94e5	Prosector	monsters/cat/cat_idle_2	25.0	50.0
mutant	chimera_idle_2_5bb22a0500	Prosector	monsters/chimera/chimera_idle_2	68.3	87.8
mutant	snork_idle_0_969b0b270c	Prosector	monsters/snork/snork_idle_0	73.7	75.0
mutant	snork_idle_1_2fced7ac4d	Prosector	monsters/snork/snork_idle_1	65.9	75.0
mutant	snork_idle_2_68ac514729	Prosector	monsters/snork/snork_idle_2	55.4	71.2
mutant	ambient_mutant_1_5eef2746eb	Solyanka	ambient/rnd_outdoor/ambient_mutant_1	82.2	90.0
mutant	idle_a6d771dbde	Solyanka	monsters/cat/idle	67.5	86.8
mutant	idle_0_dc4831ba99	Solyanka	monsters/medwed/idle_0	25.0	50.0
mutant	idle_1_ee561ad722	Solyanka	monsters/medwed/idle_1	25.0	50.0
mutant	idle_2_98a3fdb380	Solyanka	monsters/medwed/idle_2	25.0	50.0
mutant	idle_3_c0f3a244a5	Solyanka	monsters/medwed/idle_3	25.0	50.0
mutant	idle_4_b2070dd87d	Solyanka	monsters/medwed/idle_4	25.0	50.0
mutant	pauk_eat_0_a86a44b5e5	Solyanka	monsters/pauk/pauk_eat_0	10.0	20.0
mutant	pauk_eat_1_5206044323	Solyanka	monsters/pauk/pauk_eat_1	10.1	20.2
mutant	pauk_eat_2_9187eea796	Solyanka	monsters/pauk/pauk_eat_2	10.0	20.0
mutant	pauk_eat_3_2024ba90b5	Solyanka	monsters/pauk/pauk_eat_3	10.0	20.0
mutant	pauk_idle_0_5fc1889cf6	Solyanka	monsters/pauk/pauk_idle_0	25.0	50.0
mutant	pauk_idle_1_7526c935ed	Solyanka	monsters/pauk/pauk_idle_1	15.0	30.0
mutant	pauk_idle_dist_d81642057e	Solyanka	monsters/pauk/pauk_idle_dist	15.0	30.0
mutant	idle_4_6e158fffb3	Solyanka	monsters/rat/idle_4	7.5	15.0
mutant	idle_5_d255128048	Solyanka	monsters/rat/idle_5	7.5	15.0
mutant	ratlike_idle_0_42d0ac0c9d	Solyanka	monsters/ratlike/ratlike_idle_0	7.5	15.0
mutant	ratlike_idle_1_0fcbd19285	Solyanka	monsters/ratlike/ratlike_idle_1	7.5	15.0
mutant	idle_0_1f5b7cca64	Solyanka	monsters/swamp/idle_0	15.0	30.0
mutant	idle_0_20ee44104b	Solyanka	monsters/tarakan/idle_0	5.0	10.0
mutant	idle_1_bc010bc78b	Solyanka	monsters/tarakan/idle_1	10.0	20.0
mutant	idle_2_416daef9d0	Solyanka	monsters/tarakan/idle_2	10.0	20.0
mutant	idle_3_96e8db4c76	Solyanka	monsters/tarakan/idle_3	10.0	20.0
mutant	npc_molerat_idle_02_54fe74990e	Solyanka	monsters/zombie_s/npc_molerat_idle_02	10.0	20.0
mutant	npc_molerat_idle_03_4ad05eff58	Solyanka	monsters/zombie_s/npc_molerat_idle_03	10.0	20.0
mutant	zombie_eat_2_032c6190ca	Solyanka	monsters/zombie_s/zombie_eat_2	10.0	20.0
mutant	zombie_idle_2_df2c552f1e	Solyanka	monsters/zombie_s/zombie_idle_2	10.0	20.0
mutant	zombie_idle_3_af44e87b1b	Solyanka	monsters/zombie_s/zombie_idle_3	10.0	20.0
mutant	zombie_idle_4_00286c732e	Solyanka	monsters/zombie_s/zombie_idle_4	10.0	20.0
mutant	zombie_idle_1_569d9300a7	Solyanka	monsters/zombie_w/zombie_idle_1	15.0	30.0
mutant	zombie_idle_10_ecf5abd7e6	Solyanka	monsters/zombie_w/zombie_idle_10	15.0	30.0
mutant	zombie_idle_11_98be7bdc81	Solyanka	monsters/zombie_w/zombie_idle_11	15.0	30.0
mutant	zombie_idle_12_10faf2924b	Solyanka	monsters/zombie_w/zombie_idle_12	15.0	30.0
mutant	zombie_idle_13_4ca629f1b7	Solyanka	monsters/zombie_w/zombie_idle_13	15.0	30.0
mutant	zombie_idle_14_933c293615	Solyanka	monsters/zombie_w/zombie_idle_14	15.0	30.0
mutant	zombie_idle_2_b225811f25	Solyanka	monsters/zombie_w/zombie_idle_2	15.0	30.0
mutant	zombie_idle_3_4c4aec334f	Solyanka	monsters/zombie_w/zombie_idle_3	15.0	30.0
mutant	zombie_idle_4_f61f4b4965	Solyanka	monsters/zombie_w/zombie_idle_4	15.0	30.0
mutant	zombie_idle_5_f33ef098c9	Solyanka	monsters/zombie_w/zombie_idle_5	15.0	30.0
mutant	zombie_idle_6_f007b73480	Solyanka	monsters/zombie_w/zombie_idle_6	15.0	30.0
mutant	zombie_idle_7_9c2274160b	Solyanka	monsters/zombie_w/zombie_idle_7	15.0	30.0
mutant	zombie_idle_8_0f3bf767c4	Solyanka	monsters/zombie_w/zombie_idle_8	15.0	30.0
mutant	zombie_idle_9_52f336a8c8	Solyanka	monsters/zombie_w/zombie_idle_9	15.0	30.0
mutant	idle_1_97378b2380	NLC	monsters/bloodsucker/idle_1	15.0	30.0
mutant	idle_5_e23ba9a87f	NLC	monsters/bloodsucker/idle_5	15.0	30.0
mutant	sucker_growl_0_a04f5a5ce9	NLC	monsters/bloodsucker/sucker_growl_0	20.0	40.0
mutant	sucker_growl_1_a326d17e71	NLC	monsters/bloodsucker/sucker_growl_1	20.0	40.0
mutant	sucker_growl_2_d07fd4e79c	NLC	monsters/bloodsucker/sucker_growl_2	20.0	40.0
mutant	sucker_growl_3_b1af3a8a3c	NLC	monsters/bloodsucker/sucker_growl_3	20.0	40.0
mutant	sucker_growl_4_029ce3d7f7	NLC	monsters/bloodsucker/sucker_growl_4	20.0	40.0
mutant	boar_eat_0_684c77995f	NLC	monsters/boar/boar_eat_0	7.5	15.0
mutant	boar_eat_1_99748e6e16	NLC	monsters/boar/boar_eat_1	7.5	15.0
mutant	boar_eat_2_f14dc79ade	NLC	monsters/boar/boar_eat_2	7.5	15.0
mutant	boar_eat_3_1c1cc4a3db	NLC	monsters/boar/boar_eat_3	7.5	15.0
mutant	boar_idle_0_9c45128cc8	NLC	monsters/boar/boar_idle_0	15.0	30.0
mutant	boar_idle_1_0bcb187a2b	NLC	monsters/boar/boar_idle_1	15.0	30.0
mutant	boar_idle_2_2e552d387b	NLC	monsters/boar/boar_idle_2	15.0	30.0
mutant	boar_idle_3_867fa6affd	NLC	monsters/boar/boar_idle_3	15.0	30.0
mutant	idle_1_219ade119f	NLC	monsters/cat/idle_1	72.2	92.8
mutant	idle_2_8a1baa6a84	NLC	monsters/cat/idle_2	15.0	30.0
mutant	idle_1_bf009bd223	NLC	monsters/chimera/idle_1	20.0	40.0
mutant	idle_2_e5f2b0e3cb	NLC	monsters/chimera/idle_2	20.0	40.0
mutant	controller_idle_0_e84e285348	NLC	monsters/controller/controller_idle_0	64.4	82.8
mutant	controller_idle_1_fcaf39e3d0	NLC	monsters/controller/controller_idle_1	56.4	72.5
mutant	idle_0_d4b2d3dfd8	NLC	monsters/crow/idle_0	84.0	108.0
mutant	idle_1_46fe2f97e5	NLC	monsters/crow/idle_1	87.4	112.4
mutant	idle_2_d5f8e5e70b	NLC	monsters/crow/idle_2	65.3	83.9
mutant	bdog_distant_0_cbed509c59	NLC	monsters/dog/bdog_distant_0	63.9	82.1
mutant	bdog_distant_4_75e28ccbfd	NLC	monsters/dog/bdog_distant_4	76.0	97.8
mutant	bdog_distant_5_b323ff4a14	NLC	monsters/dog/bdog_distant_5	55.3	71.0
mutant	bdog_eat_2_6ff9bd7137	NLC	monsters/dog/bdog_eat_2	7.5	15.0
mutant	bdog_idle_0_3b7c6f5d34	NLC	monsters/dog/bdog_idle_0	25.0	50.0
mutant	bdog_idle_1_1c56a10098	NLC	monsters/dog/bdog_idle_1	25.0	50.0
mutant	bdog_idle_2_41c74e5ad2	NLC	monsters/dog/bdog_idle_2	25.0	50.0
mutant	bdog_idle_3_fa7279dd1a	NLC	monsters/dog/bdog_idle_3	25.0	50.0
mutant	bdog_idle_4_af0f44c92c	NLC	monsters/dog/bdog_idle_4	25.0	50.0
mutant	idle_2_2ac864ff17	NLC	monsters/dog/idle_2	10.0	20.0
mutant	flesh_eat_0_dba3943bf9	NLC	monsters/flesh/flesh_eat_0	15.0	30.0
mutant	flesh_eat_2_ddf96277c6	NLC	monsters/flesh/flesh_eat_2	15.0	30.0
mutant	flesh_eat_3_5c6cd921da	NLC	monsters/flesh/flesh_eat_3	15.0	30.0
mutant	flesh_eat_4_8bbd1fe0b7	NLC	monsters/flesh/flesh_eat_4	15.0	30.0
mutant	flesh_eat_5_2ac0ab5fa0	NLC	monsters/flesh/flesh_eat_5	15.0	30.0
mutant	flesh_eat_6_832a014968	NLC	monsters/flesh/flesh_eat_6	5.0	10.0
mutant	flesh_eat_7_b7dd405071	NLC	monsters/flesh/flesh_eat_7	5.0	10.0
mutant	flesh_eat_8_b19818f4a2	NLC	monsters/flesh/flesh_eat_8	5.0	10.0
mutant	flesh_eat_9_c9c0d7ed9d	NLC	monsters/flesh/flesh_eat_9	5.0	10.0
mutant	flesh_idle_0_aefaf06c8b	NLC	monsters/flesh/flesh_idle_0	15.0	30.0
mutant	flesh_idle_1_ddbc63d518	NLC	monsters/flesh/flesh_idle_1	15.0	30.0
mutant	flesh_idle_2_02adb7bea2	NLC	monsters/flesh/flesh_idle_2	15.0	30.0
mutant	flesh_idle_3_a47efec02f	NLC	monsters/flesh/flesh_idle_3	15.0	30.0
mutant	flesh_idle_4_6e43edb774	NLC	monsters/flesh/flesh_idle_4	15.0	30.0
mutant	flesh_idle_5_40b0f3ef9d	NLC	monsters/flesh/flesh_idle_5	12.5	25.0
mutant	flesh_idle_6_83621950d9	NLC	monsters/flesh/flesh_idle_6	12.5	25.0
mutant	flesh_idle_7_051d178a62	NLC	monsters/flesh/flesh_idle_7	12.5	25.0
mutant	flesh_idle_8_736631ce23	NLC	monsters/flesh/flesh_idle_8	12.5	25.0
mutant	giant_breath_0_405d0f64e2	NLC	monsters/giant/giant_breath_0	25.0	50.0
mutant	giant_breath_1_c2028cdfd2	NLC	monsters/giant/giant_breath_1	25.0	50.0
mutant	giant_breath_2_09cd46ce4b	NLC	monsters/giant/giant_breath_2	25.0	50.0
mutant	giant_idle_2_442b8016d9	NLC	monsters/giant/giant_idle_2	37.5	75.0
mutant	giant_idle_4_d9790cc1b7	NLC	monsters/giant/giant_idle_4	25.0	50.0
mutant	giant_idle_5_afc9ed4db2	NLC	monsters/giant/giant_idle_5	25.0	50.0
mutant	idle_0_3e60785252	NLC	monsters/poltergeist/idle_0	25.0	50.0
mutant	idle_1_ca05b8e7f3	NLC	monsters/poltergeist/idle_1	25.0	50.0
mutant	idle_2_f39f4a7d0c	NLC	monsters/poltergeist/idle_2	25.0	50.0
mutant	idle_3_8abb673184	NLC	monsters/poltergeist/idle_3	25.0	50.0
mutant	idle_0_4025f2f555	NLC	monsters/pseudodog/idle_0	15.0	30.0
mutant	pdog_idle_0_4bd8df0a8b	NLC	monsters/pseudodog/pdog_idle_0	25.0	50.0
mutant	pdog_idle_1_4e5864ddae	NLC	monsters/pseudodog/pdog_idle_1	25.0	50.0
mutant	pdog_idle_2_cd9de67ce3	NLC	monsters/pseudodog/pdog_idle_2	25.0	50.0
mutant	pdog_idle_3_8513163142	NLC	monsters/pseudodog/pdog_idle_3	25.0	50.0
mutant	pdog_idle_4_996eccd5a3	NLC	monsters/pseudodog/pdog_idle_4	25.0	50.0
mutant	tushkano_eat_0_d5998bd645	NLC	monsters/tushkano/tushkano_eat_0	7.5	15.0
mutant	tushkano_idle_0_ef43ea5887	NLC	monsters/tushkano/tushkano_idle_0	12.5	25.0
mutant	tushkano_idle_1_263674423a	NLC	monsters/tushkano/tushkano_idle_1	12.5	25.0
mutant	tushkano_idle_2_cfe608dad4	NLC	monsters/tushkano/tushkano_idle_2	12.5	25.0
mutant	tushkano_idle_3_3b8e13b646	NLC	monsters/tushkano/tushkano_idle_3	12.5	25.0
mutant	zombie_eat_2_b0538122cd	NLC	monsters/zombie/zombie_eat_2	10.0	20.0
mutant	idle_0_9dd612d383	SoP	monsters/bloodsucker/idle_0	69.4	89.3
mutant	idle_1_50d444d837	SoP	monsters/bloodsucker/idle_1	77.6	99.7
mutant	idle_0_0e06297a41	SoP	monsters/boar/idle_0	74.5	95.8
mutant	idle_1_5a3f261bdb	SoP	monsters/boar/idle_1	84.5	100.0
mutant	distant_0_4ca75ae7a5	SoP	monsters/chimera/distant_0	66.5	85.4
mutant	idle_0_acae63afed	SoP	monsters/chimera/idle_0	75.2	96.6
mutant	idle_1_b18147afd5	SoP	monsters/chimera/idle_1	73.6	94.6
mutant	idle_2_aaa79e75c1	SoP	monsters/chimera/idle_2	80.8	103.9
mutant	idle_0_16d0906f85	SoP	monsters/controller/idle_0	61.1	78.5
mutant	idle_0_d5cf0fa6dc	SoP	monsters/crow/idle_0	75.7	97.3
mutant	idle_1_da8baf4910	SoP	monsters/crow/idle_1	86.6	111.4
mutant	idle_2_738792ed3f	SoP	monsters/crow/idle_2	76.1	97.8
mutant	distant_0_469cc3ebda	SoP	monsters/dog/distant_0	57.8	74.3
mutant	distant_4_1a6df8dd28	SoP	monsters/dog/distant_4	56.7	72.9
mutant	distant_5_9a1d63f0bb	SoP	monsters/dog/distant_5	64.5	83.0
mutant	idle_0_99a84bf08e	SoP	monsters/flesh/idle_0	52.8	67.9
mutant	idle_1_e0b73beda7	SoP	monsters/flesh/idle_1	81.5	100.0
mutant	idle_2_c85d270670	SoP	monsters/flesh/idle_2	70.2	90.3
mutant	idle_0_61e04398d6	SoP	monsters/fracture/idle_0	82.7	106.3
mutant	idle_1_f00dec9a8b	SoP	monsters/fracture/idle_1	67.8	87.2
mutant	idle_10_d7b24f46be	SoP	monsters/fracture/idle_10	80.1	103.0
mutant	idle_2_fd944b5753	SoP	monsters/fracture/idle_2	70.3	90.4
mutant	idle_3_cb44b45c0f	SoP	monsters/fracture/idle_3	79.8	102.6
mutant	idle_4_256e3254da	SoP	monsters/fracture/idle_4	68.9	88.6
mutant	idle_5_7fbe1d3f32	SoP	monsters/fracture/idle_5	57.5	73.9
mutant	idle_6_9fe43593a7	SoP	monsters/fracture/idle_6	85.4	109.8
mutant	idle_7_9717a54967	SoP	monsters/fracture/idle_7	74.7	96.0
mutant	idle_8_6afdde496d	SoP	monsters/fracture/idle_8	54.6	70.2
mutant	idle_9_850a094d7f	SoP	monsters/fracture/idle_9	85.8	110.3
mutant	idle_0_6d8b7874c3	SoP	monsters/giant/idle_0	74.6	96.0
mutant	idle_1_91ccf78e8a	SoP	monsters/giant/idle_1	61.3	78.8
mutant	idle_0_0cc8c10bf5	SoP	monsters/karlik/idle_0	72.2	92.8
mutant	idle_1_e119e68d4c	SoP	monsters/karlik/idle_1	77.8	100.0
mutant	idle_2_b1ccf2b20e	SoP	monsters/karlik/idle_2	73.8	94.9
mutant	idle_3_df552464d0	SoP	monsters/karlik/idle_3	56.7	72.9
mutant	idle_4_8a01aebd76	SoP	monsters/karlik/idle_4	55.1	70.9
mutant	idle_5_ffa908aa9f	SoP	monsters/karlik/idle_5	85.6	100.0
mutant	idle_6_922512491b	SoP	monsters/karlik/idle_6	69.9	89.9
mutant	idle_7_1b79bdfc16	SoP	monsters/karlik/idle_7	84.1	100.0
mutant	idle_8_6a408e0bbc	SoP	monsters/karlik/idle_8	78.4	100.0
mutant	idle_9_b1366a7583	SoP	monsters/karlik/idle_9	72.5	93.2
mutant	distant_0_ace440e6a1	SoP	monsters/phantasm/distant_0	55.2	71.0
mutant	distant_1_62b099ea12	SoP	monsters/phantasm/distant_1	73.0	93.8
mutant	idle_0_18ba53615d	SoP	monsters/phantasm/idle_0	60.7	64.0
mutant	idle_0_61b584751e	SoP	monsters/poltergeist/idle_0	60.5	77.8
mutant	idle_1_fbe9362468	SoP	monsters/poltergeist/idle_1	73.8	94.9
mutant	idle_2_708630bdf1	SoP	monsters/poltergeist/idle_2	64.2	82.6
mutant	idle_3_8ad2f71335	SoP	monsters/poltergeist/idle_3	77.0	99.0
mutant	idle_0_20bf4a5443	SoP	monsters/pseudodog/idle_0	53.9	69.3
mutant	idle_1_8a93c494b8	SoP	monsters/pseudodog/idle_1	61.4	78.9
mutant	idle_2_ad8d32168c	SoP	monsters/pseudodog/idle_2	79.5	100.0
mutant	idle_3_48682e4b83	SoP	monsters/pseudodog/idle_3	71.8	92.3
mutant	distant_0_5bd5cc041b	SoP	monsters/rat/distant_0	75.5	97.1
mutant	distant_1_fc4c305d25	SoP	monsters/rat/distant_1	76.6	98.5
mutant	distant_2_151899c2ab	SoP	monsters/rat/distant_2	57.7	74.2
mutant	distant_3_9647dd5a0e	SoP	monsters/rat/distant_3	70.4	90.6
mutant	distant_4_e1ae894bf1	SoP	monsters/rat/distant_4	58.3	75.0
mutant	idle_0_5dcee29002	SoP	monsters/rat/idle_0	63.3	81.3
mutant	idle_1_9a501ad5c5	SoP	monsters/rat/idle_1	81.6	90.0
mutant	idle_10_1335e8099e	SoP	monsters/rat/idle_10	68.7	88.3
mutant	idle_2_08db2cf55a	SoP	monsters/rat/idle_2	76.8	90.0
mutant	idle_3_b0d4551f88	SoP	monsters/rat/idle_3	72.0	90.0
mutant	idle_4_6474cf0b3a	SoP	monsters/rat/idle_4	86.8	90.0
mutant	idle_5_79536755f7	SoP	monsters/rat/idle_5	66.6	85.7
mutant	idle_6_073b7fb57a	SoP	monsters/rat/idle_6	84.1	90.0
mutant	idle_7_1fc65992cd	SoP	monsters/rat/idle_7	70.0	90.0
mutant	idle_8_1ce9ee6a6a	SoP	monsters/rat/idle_8	79.8	90.0
mutant	idle_9_6d55c4d945	SoP	monsters/rat/idle_9	83.6	90.0
mutant	distant_0_a1de618405	SoP	monsters/ratwolf/distant_0	59.9	77.0
mutant	distant_1_023fe94ebe	SoP	monsters/ratwolf/distant_1	71.7	92.2
mutant	idle_0_ae1ce3c54b	SoP	monsters/ratwolf/idle_0	56.8	73.0
mutant	idle_1_e906e0d5fa	SoP	monsters/ratwolf/idle_1	87.3	90.0
mutant	idle_2_da6bf72994	SoP	monsters/ratwolf/idle_2	75.0	90.0
mutant	distant_0_cf102e8c00	SoP	monsters/zombie/distant_0	63.5	81.7
mutant	distant_1_5c16468013	SoP	monsters/zombie/distant_1	58.3	75.0
mutant_ambient_field	sound_01_06ad78846b	AudioExpansion	ambient/trx/spooks_above/fielddaymutants/sound_01	1.9	185.5
mutant_ambient_field	sound_02_4c82fdd1f0	AudioExpansion	ambient/trx/spooks_above/fielddaymutants/sound_02	1.7	169.2
mutant_ambient_field	sound_03_1343449322	AudioExpansion	ambient/trx/spooks_above/fielddaymutants/sound_03	2.4	200.0
mutant_ambient_field	sound_04_d782e98835	AudioExpansion	ambient/trx/spooks_above/fielddaymutants/sound_04	1.7	167.9
mutant_ambient_field	sound_05_f6aeb02681	AudioExpansion	ambient/trx/spooks_above/fielddaymutants/sound_05	1.6	163.8
mutant_ambient_field	sound_06_f357cc8588	AudioExpansion	ambient/trx/spooks_above/fielddaymutants/sound_06	1.6	162.1
mutant_ambient_field	sound_07_9cab4395d9	AudioExpansion	ambient/trx/spooks_above/fielddaymutants/sound_07	2.1	200.0
mutant_ambient_field	sound_08_007867c788	AudioExpansion	ambient/trx/spooks_above/fielddaymutants/sound_08	1.9	192.9
mutant_ambient_field	sound_09_7aa03be447	AudioExpansion	ambient/trx/spooks_above/fielddaymutants/sound_09	2.4	200.0
mutant_ambient_field	sound_10_b65b33b425	AudioExpansion	ambient/trx/spooks_above/fielddaymutants/sound_10	1.5	154.1
mutant_ambient_field	sound_11_3cfa0bd777	AudioExpansion	ambient/trx/spooks_above/fielddaymutants/sound_11	2.1	200.0
mutant_ambient_field	sound_12_611ae1aacf	AudioExpansion	ambient/trx/spooks_above/fielddaymutants/sound_12	2.0	198.2
mutant_ambient_field	sound_13_4530f90722	AudioExpansion	ambient/trx/spooks_above/fielddaymutants/sound_13	2.1	200.0
mutant_ambient_field	sound_14_a4038e789f	AudioExpansion	ambient/trx/spooks_above/fielddaymutants/sound_14	2.4	200.0
mutant_ambient_field	sound_01_025efcc5d0	AudioExpansion	ambient/trx/spooks_above/fieldnightmutants/sound_01	1.8	182.5
mutant_ambient_field	sound_02_788727ad58	AudioExpansion	ambient/trx/spooks_above/fieldnightmutants/sound_02	1.6	158.2
mutant_ambient_field	sound_03_cc860b4ee2	AudioExpansion	ambient/trx/spooks_above/fieldnightmutants/sound_03	1.6	157.4
mutant_ambient_field	sound_04_b533b4a618	AudioExpansion	ambient/trx/spooks_above/fieldnightmutants/sound_04	2.3	200.0
mutant_ambient_field	sound_05_0ba40c73ce	AudioExpansion	ambient/trx/spooks_above/fieldnightmutants/sound_05	2.3	200.0
mutant_ambient_field	sound_06_29953a087a	AudioExpansion	ambient/trx/spooks_above/fieldnightmutants/sound_06	2.5	200.0
mutant_ambient_field	sound_07_8397d73647	AudioExpansion	ambient/trx/spooks_above/fieldnightmutants/sound_07	2.0	200.0
mutant_ambient_field	sound_08_0af3346258	AudioExpansion	ambient/trx/spooks_above/fieldnightmutants/sound_08	2.2	200.0
mutant_ambient_field	sound_09_95c2efbd22	AudioExpansion	ambient/trx/spooks_above/fieldnightmutants/sound_09	2.1	200.0
mutant_ambient_field	sound_10_cb50cf2340	AudioExpansion	ambient/trx/spooks_above/fieldnightmutants/sound_10	2.1	200.0
mutant_ambient_field	sound_11_4b60b8b36c	AudioExpansion	ambient/trx/spooks_above/fieldnightmutants/sound_11	2.5	200.0
mutant_ambient_field	sound_12_88563d8994	AudioExpansion	ambient/trx/spooks_above/fieldnightmutants/sound_12	1.8	175.5
mutant_ambient_field	sound_13_21eec2475b	AudioExpansion	ambient/trx/spooks_above/fieldnightmutants/sound_13	2.1	200.0
mutant_ambient_field	sound_14_ac14c60429	AudioExpansion	ambient/trx/spooks_above/fieldnightmutants/sound_14	2.1	200.0
mutant_ambient_field	sound_15_30ba133085	AudioExpansion	ambient/trx/spooks_above/fieldnightmutants/sound_15	2.3	200.0
mutant_ambient_forest	sound_01_96e4546df7	AudioExpansion	ambient/trx/spooks_above/forestdaymutants/sound_01	2.2	200.0
mutant_ambient_forest	sound_02_10e8d9f1e3	AudioExpansion	ambient/trx/spooks_above/forestdaymutants/sound_02	2.5	200.0
mutant_ambient_forest	sound_03_e12e23c0ef	AudioExpansion	ambient/trx/spooks_above/forestdaymutants/sound_03	2.1	200.0
mutant_ambient_forest	sound_04_11ba80b59a	AudioExpansion	ambient/trx/spooks_above/forestdaymutants/sound_04	2.2	200.0
mutant_ambient_forest	sound_05_485f7519b3	AudioExpansion	ambient/trx/spooks_above/forestdaymutants/sound_05	2.3	200.0
mutant_ambient_forest	sound_06_5d8827bebd	AudioExpansion	ambient/trx/spooks_above/forestdaymutants/sound_06	2.3	200.0
mutant_ambient_forest	sound_07_2d73c3167b	AudioExpansion	ambient/trx/spooks_above/forestdaymutants/sound_07	2.4	200.0
mutant_ambient_forest	sound_08_b71bbfc146	AudioExpansion	ambient/trx/spooks_above/forestdaymutants/sound_08	2.0	200.0
mutant_ambient_forest	sound_09_d02bc52dde	AudioExpansion	ambient/trx/spooks_above/forestdaymutants/sound_09	2.1	200.0
mutant_ambient_forest	sound_10_a5aa75353c	AudioExpansion	ambient/trx/spooks_above/forestdaymutants/sound_10	1.8	181.6
mutant_ambient_forest	sound_11_abef20f8b0	AudioExpansion	ambient/trx/spooks_above/forestdaymutants/sound_11	2.3	200.0
mutant_ambient_forest	sound_12_82b79e4dc8	AudioExpansion	ambient/trx/spooks_above/forestdaymutants/sound_12	2.4	200.0
mutant_ambient_forest	sound_13_d766063d34	AudioExpansion	ambient/trx/spooks_above/forestdaymutants/sound_13	1.9	185.5
mutant_ambient_forest	sound_14_1ac1c2694a	AudioExpansion	ambient/trx/spooks_above/forestdaymutants/sound_14	2.0	199.2
mutant_ambient_forest	sound_15_bf3d610373	AudioExpansion	ambient/trx/spooks_above/forestdaymutants/sound_15	2.2	200.0
mutant_ambient_forest	sound_16_498780e27c	AudioExpansion	ambient/trx/spooks_above/forestdaymutants/sound_16	1.9	191.2
mutant_ambient_forest	sound_17_78bde01475	AudioExpansion	ambient/trx/spooks_above/forestdaymutants/sound_17	2.3	200.0
mutant_ambient_forest	sound_18_907e204483	AudioExpansion	ambient/trx/spooks_above/forestdaymutants/sound_18	1.7	165.2
mutant_ambient_forest	sound_19_ce66bae200	AudioExpansion	ambient/trx/spooks_above/forestdaymutants/sound_19	1.5	150.9
mutant_ambient_forest	sound_20_f64b2b4e17	AudioExpansion	ambient/trx/spooks_above/forestdaymutants/sound_20	1.5	153.8
mutant_ambient_forest	sound_01_6cf946501e	AudioExpansion	ambient/trx/spooks_above/forestnightmutants/sound_01	2.0	197.0
mutant_ambient_forest	sound_02_e86c6b0a23	AudioExpansion	ambient/trx/spooks_above/forestnightmutants/sound_02	1.9	188.5
mutant_ambient_forest	sound_03_b8558bff8b	AudioExpansion	ambient/trx/spooks_above/forestnightmutants/sound_03	2.1	200.0
mutant_ambient_forest	sound_04_e493b0ca93	AudioExpansion	ambient/trx/spooks_above/forestnightmutants/sound_04	1.5	151.4
mutant_ambient_forest	sound_05_f28d39f487	AudioExpansion	ambient/trx/spooks_above/forestnightmutants/sound_05	2.1	200.0
mutant_ambient_forest	sound_06_7db8db757b	AudioExpansion	ambient/trx/spooks_above/forestnightmutants/sound_06	2.1	200.0
mutant_ambient_forest	sound_07_40cf640a1b	AudioExpansion	ambient/trx/spooks_above/forestnightmutants/sound_07	1.9	194.4
mutant_ambient_forest	sound_08_c4982f7c5e	AudioExpansion	ambient/trx/spooks_above/forestnightmutants/sound_08	2.0	195.3
mutant_ambient_forest	sound_09_b8b6ae6923	AudioExpansion	ambient/trx/spooks_above/forestnightmutants/sound_09	1.9	190.5
mutant_ambient_forest	sound_10_1008ae79d4	AudioExpansion	ambient/trx/spooks_above/forestnightmutants/sound_10	2.2	200.0
mutant_ambient_forest	sound_11_00009f0e19	AudioExpansion	ambient/trx/spooks_above/forestnightmutants/sound_11	2.2	200.0
mutant_ambient_forest	sound_12_e5f45716c4	AudioExpansion	ambient/trx/spooks_above/forestnightmutants/sound_12	2.0	200.0
mutant_ambient_forest	sound_13_8c20f65ebe	AudioExpansion	ambient/trx/spooks_above/forestnightmutants/sound_13	2.3	200.0
mutant_ambient_forest	sound_14_bed20b5565	AudioExpansion	ambient/trx/spooks_above/forestnightmutants/sound_14	2.2	200.0
mutant_ambient_forest	sound_15_78ea992418	AudioExpansion	ambient/trx/spooks_above/forestnightmutants/sound_15	1.9	191.9
mutant_ambient_forest	sound_16_d1b4243d2e	AudioExpansion	ambient/trx/spooks_above/forestnightmutants/sound_16	1.7	170.7
mutant_ambient_forest	sound_17_05971c4448	AudioExpansion	ambient/trx/spooks_above/forestnightmutants/sound_17	2.3	200.0
mutant_ambient_swamp	sound_01_dbbadf2cc7	AudioExpansion	ambient/trx/spooks_above/swampdaymutants/sound_01	2.1	200.0
mutant_ambient_swamp	sound_02_5ed62f2c16	AudioExpansion	ambient/trx/spooks_above/swampdaymutants/sound_02	1.7	165.1
mutant_ambient_swamp	sound_03_6de970d01a	AudioExpansion	ambient/trx/spooks_above/swampdaymutants/sound_03	2.5	200.0
mutant_ambient_swamp	sound_04_6358343cef	AudioExpansion	ambient/trx/spooks_above/swampdaymutants/sound_04	1.5	154.9
mutant_ambient_swamp	sound_05_bffbb2a0d7	AudioExpansion	ambient/trx/spooks_above/swampdaymutants/sound_05	1.8	184.1
mutant_ambient_swamp	sound_06_799331a154	AudioExpansion	ambient/trx/spooks_above/swampdaymutants/sound_06	1.8	177.4
mutant_ambient_swamp	sound_07_c9e3091a8d	AudioExpansion	ambient/trx/spooks_above/swampdaymutants/sound_07	2.5	200.0
mutant_ambient_swamp	sound_08_3ab45b32ca	AudioExpansion	ambient/trx/spooks_above/swampdaymutants/sound_08	1.6	163.1
mutant_ambient_swamp	sound_09_b2bc929feb	AudioExpansion	ambient/trx/spooks_above/swampdaymutants/sound_09	1.7	165.8
mutant_ambient_swamp	sound_10_9d921f0375	AudioExpansion	ambient/trx/spooks_above/swampdaymutants/sound_10	1.9	186.9
mutant_ambient_swamp	sound_11_d3e5ebbd50	AudioExpansion	ambient/trx/spooks_above/swampdaymutants/sound_11	2.2	200.0
mutant_ambient_swamp	sound_12_3bf3832e51	AudioExpansion	ambient/trx/spooks_above/swampdaymutants/sound_12	2.0	199.6
mutant_ambient_swamp	sound_13_67c1805673	AudioExpansion	ambient/trx/spooks_above/swampdaymutants/sound_13	2.1	200.0
mutant_ambient_swamp	sound_14_a6e207b1e4	AudioExpansion	ambient/trx/spooks_above/swampdaymutants/sound_14	1.9	187.5
mutant_ambient_swamp	sound_15_e303d177de	AudioExpansion	ambient/trx/spooks_above/swampdaymutants/sound_15	2.5	200.0
mutant_ambient_swamp	sound_16_2ae585c3c7	AudioExpansion	ambient/trx/spooks_above/swampdaymutants/sound_16	2.2	200.0
mutant_ambient_swamp	sound_17_d6b52605ce	AudioExpansion	ambient/trx/spooks_above/swampdaymutants/sound_17	2.5	200.0
mutant_ambient_swamp	sound_18_c90aa673b4	AudioExpansion	ambient/trx/spooks_above/swampdaymutants/sound_18	2.0	195.4
mutant_ambient_swamp	sound_19_ea926da840	AudioExpansion	ambient/trx/spooks_above/swampdaymutants/sound_19	2.3	200.0
mutant_ambient_swamp	sound_03_1792b24971	AudioExpansion	ambient/trx/spooks_above/swampnightmutants/sound_03	1.8	183.9
mutant_ambient_swamp	sound_01_c598b889b2	AudioExpansion	ambient/trx/spooks_above/swampnightmutants/sound_01	2.0	200.0
mutant_ambient_swamp	sound_04_1276b008fa	AudioExpansion	ambient/trx/spooks_above/swampnightmutants/sound_04	2.3	200.0
mutant_ambient_swamp	sound_05_dc3eb32462	AudioExpansion	ambient/trx/spooks_above/swampnightmutants/sound_05	2.1	200.0
mutant_ambient_swamp	sound_06_6fb2f87dbe	AudioExpansion	ambient/trx/spooks_above/swampnightmutants/sound_06	2.4	200.0
mutant_ambient_swamp	sound_07_07bb508fd5	AudioExpansion	ambient/trx/spooks_above/swampnightmutants/sound_07	2.0	198.4
mutant_ambient_swamp	sound_08_f19ab76527	AudioExpansion	ambient/trx/spooks_above/swampnightmutants/sound_08	1.8	178.8
mutant_ambient_swamp	sound_09_9e8937ce93	AudioExpansion	ambient/trx/spooks_above/swampnightmutants/sound_09	1.6	162.3
mutant_ambient_swamp	sound_10_72343a41ad	AudioExpansion	ambient/trx/spooks_above/swampnightmutants/sound_10	2.0	200.0
mutant_ambient_swamp	sound_11_2617a0ee1b	AudioExpansion	ambient/trx/spooks_above/swampnightmutants/sound_11	1.9	192.0
mutant_ambient_swamp	sound_12_e5bae1d9a9	AudioExpansion	ambient/trx/spooks_above/swampnightmutants/sound_12	2.2	200.0
mutant_ambient_swamp	sound_13_4525b977a6	AudioExpansion	ambient/trx/spooks_above/swampnightmutants/sound_13	2.4	200.0
mutant_ambient_swamp	sound_14_4376ac82e7	AudioExpansion	ambient/trx/spooks_above/swampnightmutants/sound_14	1.7	170.9
mutant_ambient_swamp	sound_15_652627c4b4	AudioExpansion	ambient/trx/spooks_above/swampnightmutants/sound_15	2.3	200.0
mutant_ambient_urban	sound_01_bab3123073	AudioExpansion	ambient/trx/spooks_above/urbandaymutants/sound_01	1.7	174.2
mutant_ambient_urban	sound_02_168dc6c3f9	AudioExpansion	ambient/trx/spooks_above/urbandaymutants/sound_02	2.1	200.0
mutant_ambient_urban	sound_03_7071df5945	AudioExpansion	ambient/trx/spooks_above/urbandaymutants/sound_03	2.2	200.0
mutant_ambient_urban	sound_04_562c3cf842	AudioExpansion	ambient/trx/spooks_above/urbandaymutants/sound_04	2.5	200.0
mutant_ambient_urban	sound_05_0ed01d4587	AudioExpansion	ambient/trx/spooks_above/urbandaymutants/sound_05	2.0	199.1
mutant_ambient_urban	sound_06_ee503571d1	AudioExpansion	ambient/trx/spooks_above/urbandaymutants/sound_06	2.2	200.0
mutant_ambient_urban	sound_07_98b80eade3	AudioExpansion	ambient/trx/spooks_above/urbandaymutants/sound_07	2.3	200.0
mutant_ambient_urban	sound_08_2d98ff3b55	AudioExpansion	ambient/trx/spooks_above/urbandaymutants/sound_08	1.9	188.5
mutant_ambient_urban	sound_09_233ea954b2	AudioExpansion	ambient/trx/spooks_above/urbandaymutants/sound_09	2.2	200.0
mutant_ambient_urban	sound_10_d3e53f7ec2	AudioExpansion	ambient/trx/spooks_above/urbandaymutants/sound_10	2.2	200.0
mutant_ambient_urban	sound_11_b4e699a49b	AudioExpansion	ambient/trx/spooks_above/urbandaymutants/sound_11	2.3	200.0
mutant_ambient_urban	sound_12_8af6bda540	AudioExpansion	ambient/trx/spooks_above/urbandaymutants/sound_12	2.4	200.0
mutant_ambient_urban	sound_13_1928a14878	AudioExpansion	ambient/trx/spooks_above/urbandaymutants/sound_13	1.8	182.4
mutant_ambient_urban	sound_14_9d865dece9	AudioExpansion	ambient/trx/spooks_above/urbandaymutants/sound_14	2.2	200.0
mutant_ambient_urban	sound_15_7ba73801ac	AudioExpansion	ambient/trx/spooks_above/urbandaymutants/sound_15	2.2	200.0
mutant_ambient_urban	sound_16_b5826ba15f	AudioExpansion	ambient/trx/spooks_above/urbandaymutants/sound_16	2.2	200.0
mutant_ambient_urban	sound_17_1082541da6	AudioExpansion	ambient/trx/spooks_above/urbandaymutants/sound_17	2.0	200.0
mutant_ambient_urban	sound_18_5657500660	AudioExpansion	ambient/trx/spooks_above/urbandaymutants/sound_18	2.2	200.0
mutant_ambient_urban	sound_19_ea40a805eb	AudioExpansion	ambient/trx/spooks_above/urbandaymutants/sound_19	2.1	200.0
mutant_ambient_urban	sound_20_17d855f00d	AudioExpansion	ambient/trx/spooks_above/urbandaymutants/sound_20	1.9	186.7
mutant_ambient_urban	sound_21_1e5f96fb37	AudioExpansion	ambient/trx/spooks_above/urbandaymutants/sound_21	1.8	181.5
mutant_ambient_urban	sound_22_0498e1f393	AudioExpansion	ambient/trx/spooks_above/urbandaymutants/sound_22	2.4	200.0
mutant_ambient_urban	sound_01_42ea76b6de	AudioExpansion	ambient/trx/spooks_above/urbannightmutants/sound_01	2.2	200.0
mutant_ambient_urban	sound_02_253fb2ab01	AudioExpansion	ambient/trx/spooks_above/urbannightmutants/sound_02	1.7	168.4
mutant_ambient_urban	sound_03_3115034fdf	AudioExpansion	ambient/trx/spooks_above/urbannightmutants/sound_03	1.7	172.5
mutant_ambient_urban	sound_04_e50d3af521	AudioExpansion	ambient/trx/spooks_above/urbannightmutants/sound_04	1.9	194.7
mutant_ambient_urban	sound_05_bf944686ac	AudioExpansion	ambient/trx/spooks_above/urbannightmutants/sound_05	1.9	191.8
mutant_ambient_urban	sound_06_373e846755	AudioExpansion	ambient/trx/spooks_above/urbannightmutants/sound_06	1.8	181.3
mutant_ambient_urban	sound_07_5e606107ac	AudioExpansion	ambient/trx/spooks_above/urbannightmutants/sound_07	1.9	192.0
mutant_ambient_urban	sound_08_d4ccf1ebdc	AudioExpansion	ambient/trx/spooks_above/urbannightmutants/sound_08	1.7	166.1
mutant_ambient_urban	sound_09_3f1304ef4f	AudioExpansion	ambient/trx/spooks_above/urbannightmutants/sound_09	1.6	157.4
mutant_ambient_urban	sound_10_f43595338a	AudioExpansion	ambient/trx/spooks_above/urbannightmutants/sound_10	2.1	200.0
mutant_ambient_urban	sound_11_fd1fb3206d	AudioExpansion	ambient/trx/spooks_above/urbannightmutants/sound_11	2.0	195.0
mutant_ambient_urban	sound_12_7d1b3c7cbe	AudioExpansion	ambient/trx/spooks_above/urbannightmutants/sound_12	2.1	200.0
mutant_ambient_urban	sound_13_0fbc704b10	AudioExpansion	ambient/trx/spooks_above/urbannightmutants/sound_13	1.8	180.1
mutant_ambient_urban	sound_14_36e6a640ba	AudioExpansion	ambient/trx/spooks_above/urbannightmutants/sound_14	2.1	200.0
mutant_ambient_urban	sound_15_82af43fda5	AudioExpansion	ambient/trx/spooks_above/urbannightmutants/sound_15	1.8	181.0
mutant_ambient_urban	sound_16_b62191fc2a	AudioExpansion	ambient/trx/spooks_above/urbannightmutants/sound_16	1.5	153.4
mutant_ambient_urban	sound_17_7dba7c7073	AudioExpansion	ambient/trx/spooks_above/urbannightmutants/sound_17	2.1	200.0
mutant_ambient_urban	sound_18_edddf7d119	AudioExpansion	ambient/trx/spooks_above/urbannightmutants/sound_18	2.5	200.0
mutant_ambient_urban	sound_19_9f0ee5adf0	AudioExpansion	ambient/trx/spooks_above/urbannightmutants/sound_19	1.9	189.7
mutant_ambient_urban	sound_20_0c9bed32a2	AudioExpansion	ambient/trx/spooks_above/urbannightmutants/sound_20	1.8	176.3
mutant_ambient_urban	sound_21_4a61371deb	AudioExpansion	ambient/trx/spooks_above/urbannightmutants/sound_21	2.5	200.0
rats	sound_07_947dc08153	Amplified	ambient/soundscape/underground/spooks_below/rats/sound_07	95.9	118.5
scream	night_scream3_ae7a72a721	OGSE	ambient/rnd_outdoor/night_scream3	42.3	101.5
scream	fog_night_scream_2_781d9ec91a	DeadAir	ambient/tuman/fog_night_scream_2	41.0	98.5
scream	night_scream_3_a63240cc8a	DeadAir	ambient/rnd_outdoor/night_scream_3	58.6	140.5
scream	fog_night_scream_1_510fffd429	DeadAir	ambient/tuman/fog_night_scream_1	49.8	119.5
scream	rnd_fallscream_562e040439	OGSE	ambient/random/rnd_fallscream	40.4	97.1
scream	night_scream1_b84979550d	OGSE	ambient/rnd_outdoor/night_scream1	50.5	121.2
scream	night_scream2_7ca896e2b8	OGSE	ambient/rnd_outdoor/night_scream2	41.7	100.2
scream	night_scream5_f049ac8449	Prosector	ambient/rnd_outdoor/night_scream5	59.2	100.0
scream	night_scream_1_3bf0338c1b	vanilla	ambient/rnd_outdoor/night_scream_1	41.5	99.6
scream	night_scream_2_bab0068e95	vanilla	ambient/rnd_outdoor/night_scream_2	47.8	114.6
spook	psy_voices_1_l_981ffca122	Amplified	ambient/anomaly/psy_voices_1_l	48.7	116.8
spook	sound1_3d07f57643	Amplified	ambient/soundscape/Spoops/day_spoops/sound1	56.6	100.0
spook	sound12_cc62ded0cb	Amplified	ambient/soundscape/Spoops/day_spoops/sound12	54.1	100.0
spook	sound20_071e2dc0e0	Amplified	ambient/soundscape/Spoops/day_spoops/sound20	47.3	100.0
spook	sound21_18d3563c09	Amplified	ambient/soundscape/Spoops/day_spoops/sound21	44.5	100.0
spook	sound22_e1300579ad	Amplified	ambient/soundscape/Spoops/day_spoops/sound22	44.3	100.0
spook	sound23_1ddbe2ffc2	Amplified	ambient/soundscape/Spoops/day_spoops/sound23	54.3	100.0
spook	sound24_1218bb67e8	Amplified	ambient/soundscape/Spoops/day_spoops/sound24	43.1	100.0
spook	sound26_5d99e802cd	Amplified	ambient/soundscape/Spoops/day_spoops/sound26	57.2	100.0
spook	sound4_ee78b8f909	Amplified	ambient/soundscape/Spoops/day_spoops/sound4	37.9	91.0
spook	sound5_70d8bf5926	Amplified	ambient/soundscape/Spoops/day_spoops/sound5	54.4	100.0
spook	sound20_23e78accc0	Amplified	ambient/soundscape/Spoops/Northern_spoops/sound20	55.9	100.0
spook	sound21_4ed4e8b5f8	Amplified	ambient/soundscape/Spoops/Northern_spoops/sound21	52.0	100.0
spook	sound23_20381704cc	Amplified	ambient/soundscape/Spoops/Northern_spoops/sound23	45.1	100.0
spook	sound24_603aca65cf	Amplified	ambient/soundscape/Spoops/Northern_spoops/sound24	45.5	100.0
spook	sound10_3a45ebd125	Amplified	ambient/soundscape/Spoops/day_spoops/sound10	46.2	100.0
spook	sound48_dd1f8fb782	Amplified	ambient/soundscape/Spoops/Northern_spoops/sound48	44.6	100.0
spook	sound11_70cbe0700c	Amplified	ambient/soundscape/Spoops/day_spoops/sound11	43.9	100.0
spook	sound13_344a45182e	Amplified	ambient/soundscape/Spoops/day_spoops/sound13	56.9	100.0
spook	sound14_f2de9ca8df	Amplified	ambient/soundscape/Spoops/day_spoops/sound14	56.2	100.0
spook	sound15_68e5be1f0c	Amplified	ambient/soundscape/Spoops/day_spoops/sound15	44.7	100.0
spook	sound16_f82b67fdf5	Amplified	ambient/soundscape/Spoops/day_spoops/sound16	39.8	95.5
spook	sound17_41136ee915	Amplified	ambient/soundscape/Spoops/day_spoops/sound17	46.5	100.0
spook	sound18_af2045e351	Amplified	ambient/soundscape/Spoops/day_spoops/sound18	52.5	100.0
spook	sound19_f7bf3a38e6	Amplified	ambient/soundscape/Spoops/day_spoops/sound19	61.8	100.0
spook	suspense_01_13d8fbb463	DeadAir	ambient/lar_nature/lar_suspense/suspense_01	55.7	100.0
spook	sound2_1ac25bb499	Amplified	ambient/soundscape/Spoops/day_spoops/sound2	61.5	100.0
spook	sound25_42c00dd508	Amplified	ambient/soundscape/Spoops/day_spoops/sound25	60.2	100.0
spook	sound28_8ab0863e70	Amplified	ambient/soundscape/Spoops/day_spoops/sound28	50.6	100.0
spook	sound29_dd19cf06a2	Amplified	ambient/soundscape/Spoops/day_spoops/sound29	47.8	100.0
spook	sound3_d9d25f0752	Amplified	ambient/soundscape/Spoops/day_spoops/sound3	40.3	96.8
spook	sound30_57056845c8	Amplified	ambient/soundscape/Spoops/day_spoops/sound30	53.3	100.0
spook	sound31_619a59827e	Amplified	ambient/soundscape/Spoops/day_spoops/sound31	55.8	100.0
spook	sound34_37c498ec74	Amplified	ambient/soundscape/Spoops/day_spoops/sound34	48.4	100.0
spook	sound35_19c17cf07a	Amplified	ambient/soundscape/Spoops/day_spoops/sound35	62.4	100.0
spook	sound41_af23d7358a	Amplified	ambient/soundscape/Spoops/day_spoops/sound41	49.7	100.0
spook	sound42_e6c2270efa	Amplified	ambient/soundscape/Spoops/day_spoops/sound42	57.1	100.0
spook	sound43_8c94160f0d	Amplified	ambient/soundscape/Spoops/day_spoops/sound43	55.0	100.0
spook	sound44_3e894c7571	Amplified	ambient/soundscape/Spoops/day_spoops/sound44	51.6	100.0
spook	sound4_adf78b9564	Amplified	ambient/soundscape/Spoops/night_spoops/sound4	45.1	100.0
spook	sound7_f0e4ef3980	Amplified	ambient/soundscape/Spoops/night_spoops/sound7	44.2	100.0
spook	sound39_13ae99ed27	Amplified	ambient/soundscape/Spoops/Northern_spoops/sound39	61.5	100.0
spook	sound45_e18212e42e	Amplified	ambient/soundscape/Spoops/day_spoops/sound45	49.0	100.0
spook	sound46_0c169ee865	Amplified	ambient/soundscape/Spoops/day_spoops/sound46	56.3	100.0
spook	sound47_2ec4a4bdd3	Amplified	ambient/soundscape/Spoops/day_spoops/sound47	37.7	90.5
spook	sound48_30c27cd080	Amplified	ambient/soundscape/Spoops/day_spoops/sound48	39.5	94.8
spook	sound49_4d2091eda2	Amplified	ambient/soundscape/Spoops/day_spoops/sound49	57.9	100.0
spook	sound50_454cf98ac3	Amplified	ambient/soundscape/Spoops/day_spoops/sound50	56.0	100.0
spook	sound51_bffd70e15b	Amplified	ambient/soundscape/Spoops/day_spoops/sound51	39.4	94.7
spook	sound52_7809280260	Amplified	ambient/soundscape/Spoops/day_spoops/sound52	60.4	100.0
spook	sound53_ae5d329a2b	Amplified	ambient/soundscape/Spoops/day_spoops/sound53	45.1	100.0
spook	sound54_b2a964fc17	Amplified	ambient/soundscape/Spoops/day_spoops/sound54	61.2	100.0
spook	sound55_c07db70a88	Amplified	ambient/soundscape/Spoops/day_spoops/sound55	57.8	100.0
spook	sound56_2f78d572f5	Amplified	ambient/soundscape/Spoops/day_spoops/sound56	44.2	100.0
spook	sound57_5149d13fc1	Amplified	ambient/soundscape/Spoops/day_spoops/sound57	48.1	100.0
spook	sound59_a2eb421108	Amplified	ambient/soundscape/Spoops/day_spoops/sound59	41.0	98.4
spook	sound58_b257f5c1d3	Amplified	ambient/soundscape/Spoops/day_spoops/sound58	61.6	100.0
spook	sound6_d033564f47	Amplified	ambient/soundscape/Spoops/day_spoops/sound6	47.0	100.0
spook	sound60_a2b24ae574	Amplified	ambient/soundscape/Spoops/day_spoops/sound60	48.1	100.0
spook	sound7_88f95594cb	Amplified	ambient/soundscape/Spoops/day_spoops/sound7	49.7	100.0
spook	sound8_95435ac265	Amplified	ambient/soundscape/Spoops/day_spoops/sound8	51.9	100.0
spook	sound9_426ed966b5	Amplified	ambient/soundscape/Spoops/day_spoops/sound9	45.7	100.0
spook	sound11_16a9bace36	Amplified	ambient/soundscape/Spoops/night_spoops/sound11	60.3	100.0
spook	sound13_a803933ab5	Amplified	ambient/soundscape/Spoops/night_spoops/sound13	54.2	100.0
spook	sound15_6bf6918909	Amplified	ambient/soundscape/Spoops/night_spoops/sound15	60.9	100.0
spook	sound51_7d8d7e8aa2	Amplified	ambient/soundscape/Spoops/Northern_spoops/sound51	54.4	100.0
spook	sound22_cced7cbca9	Amplified	ambient/soundscape/Spoops/night_spoops/sound22	43.6	100.0
spook	sound23_58ef9da22a	Amplified	ambient/soundscape/Spoops/night_spoops/sound23	58.5	100.0
spook	h01_830bd6d9f9	Solyanka	horror/h01	58.4	140.2
spook	sound40_cd5f073a7c	Amplified	ambient/soundscape/Spoops/night_spoops/sound40	48.2	100.0
spook	sound41_decc5ae3e6	Amplified	ambient/soundscape/Spoops/night_spoops/sound41	49.0	100.0
spook	sound_41_a656e02014	Amplified	ambient/trx/spooks_above/amb_dark/sound_41	54.1	100.0
spook	sound42_4bd068fde6	Amplified	ambient/soundscape/Spoops/night_spoops/sound42	50.3	100.0
spook	sound43_62624afe73	Amplified	ambient/soundscape/Spoops/night_spoops/sound43	48.4	100.0
spook	sound48_8d2a6846ca	Amplified	ambient/soundscape/Spoops/night_spoops/sound48	51.7	100.0
spook	sound49_596ee81bf2	Amplified	ambient/soundscape/Spoops/night_spoops/sound49	44.6	100.0
spook	sound50_7e950c05cd	Amplified	ambient/soundscape/Spoops/night_spoops/sound50	52.7	100.0
spook	sound51_2bb4f8e192	Amplified	ambient/soundscape/Spoops/night_spoops/sound51	62.5	100.0
spook	sound52_7e54e24207	Amplified	ambient/soundscape/Spoops/night_spoops/sound52	45.4	100.0
spook	sound53_e42883dfb5	Amplified	ambient/soundscape/Spoops/night_spoops/sound53	39.8	95.4
spook	sound54_d22acf8862	Amplified	ambient/soundscape/Spoops/night_spoops/sound54	58.5	100.0
spook	sound55_505256968f	Amplified	ambient/soundscape/Spoops/night_spoops/sound55	38.6	92.7
spook	sound56_5047d0317b	Amplified	ambient/soundscape/Spoops/night_spoops/sound56	59.4	100.0
spook	sound9_26f1110285	Amplified	ambient/soundscape/Spoops/night_spoops/sound9	42.9	100.0
spook	sound1_6c5a1ab369	Amplified	ambient/soundscape/Spoops/Northern_spoops/sound1	51.8	100.0
spook	sound11_8e7ea21961	Amplified	ambient/soundscape/Spoops/Northern_spoops/sound11	58.5	100.0
spook	sound12_8cfe7856cf	Amplified	ambient/soundscape/Spoops/Northern_spoops/sound12	53.6	100.0
spook	sound13_086840a5c9	Amplified	ambient/soundscape/Spoops/Northern_spoops/sound13	44.6	100.0
spook	sound14_48af97d064	Amplified	ambient/soundscape/Spoops/Northern_spoops/sound14	50.3	100.0
spook	sound15_8da81eddb9	Amplified	ambient/soundscape/Spoops/Northern_spoops/sound15	58.5	100.0
spook	sound17_40c7a6ada9	Amplified	ambient/soundscape/Spoops/Northern_spoops/sound17	49.2	100.0
spook	sound2_145a17560d	Amplified	ambient/soundscape/Spoops/Northern_spoops/sound2	49.3	100.0
spook	sound25_8fc601dbcd	Amplified	ambient/soundscape/Spoops/Northern_spoops/sound25	41.8	100.0
spook	sound27_da29760954	Amplified	ambient/soundscape/Spoops/Northern_spoops/sound27	40.8	97.8
spook	sound28_7f5f45d9b0	Amplified	ambient/soundscape/Spoops/Northern_spoops/sound28	52.1	100.0
spook	sound3_ee9e7b777d	Amplified	ambient/soundscape/Spoops/Northern_spoops/sound3	45.9	100.0
spook	sound32_a076a4eda9	Amplified	ambient/soundscape/Spoops/Northern_spoops/sound32	60.7	100.0
spook	sound33_152ed6740a	Amplified	ambient/soundscape/Spoops/Northern_spoops/sound33	44.2	100.0
spook	sound8_fa3653ead2	Amplified	ambient/soundscape/Spoops/Northern_spoops/sound8	44.3	100.0
spook	sound34_aae4b70ea3	Amplified	ambient/soundscape/Spoops/Northern_spoops/sound34	58.3	100.0
spook	sound35_69e8d5d14d	Amplified	ambient/soundscape/Spoops/Northern_spoops/sound35	59.9	100.0
spook	sound36_14fccbba56	Amplified	ambient/soundscape/Spoops/Northern_spoops/sound36	44.5	100.0
spook	sound37_960190e0c2	Amplified	ambient/soundscape/Spoops/Northern_spoops/sound37	53.2	100.0
spook	sound4_8193bb7663	Amplified	ambient/soundscape/Spoops/Northern_spoops/sound4	44.0	100.0
spook	sound40_ead8de373e	Amplified	ambient/soundscape/Spoops/Northern_spoops/sound40	43.8	100.0
spook	sound41_eaa598341c	Amplified	ambient/soundscape/Spoops/Northern_spoops/sound41	42.3	100.0
spook	sound42_6cbac86671	Amplified	ambient/soundscape/Spoops/Northern_spoops/sound42	61.3	100.0
spook	sound43_d6371064bb	Amplified	ambient/soundscape/Spoops/Northern_spoops/sound43	61.4	100.0
spook	sound45_c774bc4c93	Amplified	ambient/soundscape/Spoops/Northern_spoops/sound45	38.9	93.4
spook	sound46_6407968021	Amplified	ambient/soundscape/Spoops/Northern_spoops/sound46	50.0	100.0
spook	sound52_d3917eca49	Amplified	ambient/soundscape/Spoops/Northern_spoops/sound52	40.7	97.6
spook	sound53_924c91714c	Amplified	ambient/soundscape/Spoops/Northern_spoops/sound53	40.9	98.3
spook	sound54_11354ba4e0	Amplified	ambient/soundscape/Spoops/Northern_spoops/sound54	40.0	96.0
spook	sound6_e61f0f7d8c	Amplified	ambient/soundscape/Spoops/Northern_spoops/sound6	45.0	100.0
spook	sound9_910cbd6997	Amplified	ambient/soundscape/Spoops/Northern_spoops/sound9	57.3	100.0
spook	metal_scrip_1_ca6de04065	DeadAir	ambient/special/metal_scrip_1	59.0	141.5
spook	fog_ambient_night_4_86c0ed3863	DeadAir	ambient/tuman/fog_ambient_night_4	60.3	120.0
spook	fog_ambient_night_7_5bd07743b8	DeadAir	ambient/tuman/fog_ambient_night_7	44.5	106.7
spook	fog_ambient_night_9_9df848a4da	DeadAir	ambient/tuman/fog_ambient_night_9	40.1	96.4
spook	sound_01_e8f755cae0	Amplified	ambient/soundscape/underground/spooks_above/spooks/sound_01	45.3	100.0
spook	sound_02_589c8acae0	Amplified	ambient/soundscape/underground/spooks_above/spooks/sound_02	52.9	100.0
spook	sound_03_608fd86451	Amplified	ambient/soundscape/underground/spooks_above/spooks/sound_03	52.4	100.0
spook	sound_04_cdb723da9e	Amplified	ambient/soundscape/underground/spooks_above/spooks/sound_04	58.6	100.0
spook	sound_05_b814161ba3	Amplified	ambient/soundscape/underground/spooks_above/spooks/sound_05	58.1	100.0
spook	sound_06_730e9f9479	Amplified	ambient/soundscape/underground/spooks_above/spooks/sound_06	62.1	100.0
spook	sound_10_598ab76451	Amplified	ambient/soundscape/underground/spooks_above/spooks/sound_10	60.4	100.0
spook	rnd_horror_1_75c2c13d69	SoP	ambient/rnd_outdoor/rnd_horror_1	37.6	90.3
spook	sound_11_3874527eba	Amplified	ambient/soundscape/underground/spooks_above/spooks/sound_11	53.5	100.0
spook	sound_12_fadb85bc76	Amplified	ambient/soundscape/underground/spooks_above/spooks/sound_12	54.1	100.0
spook	sound_15_d1bfd23940	Amplified	ambient/soundscape/underground/spooks_above/spooks/sound_15	48.6	100.0
spook	rnd_horror3_35c8fdc419	OGSE	ambient/random/rnd_horror3	39.9	95.6
spook	sound_16_98c7094c4d	Amplified	ambient/soundscape/underground/spooks_above/spooks/sound_16	52.9	100.0
spook	sound_17_4334d27b80	Amplified	ambient/soundscape/underground/spooks_above/spooks/sound_17	60.2	100.0
spook	sound_19_39d617a7e9	Amplified	ambient/soundscape/underground/spooks_above/spooks/sound_19	50.1	100.0
spook	sound_20_e097e09409	Amplified	ambient/soundscape/underground/spooks_above/spooks/sound_20	52.3	100.0
spook	sound_21_609cca870e	Amplified	ambient/soundscape/underground/spooks_above/spooks/sound_21	49.0	100.0
spook	sound_22_240d446275	Amplified	ambient/soundscape/underground/spooks_above/spooks/sound_22	59.3	100.0
spook	sound_21_98b7a93f06	Amplified	ambient/soundscape/underground/spooks_above/spooks/~sound_21	57.8	100.0
spook	sound_21_007ae235ba	Amplified	ambient/soundscape/underground/spooks_below/spooks/~sound_21	47.3	113.4
spook	steam_1_48f7270f87	Amplified	ambient/soundscape/underground/spooks_above/steam_1	37.7	90.5
spook	under_17_52dc0a55ab	Amplified	ambient/soundscape/underground/spooks_above/under_17	46.2	100.0
spook	under_18_4cb04880c2	Amplified	ambient/soundscape/underground/spooks_above/under_18	53.8	100.0
spook	under_19_d492bf2771	Amplified	ambient/soundscape/underground/spooks_above/under_19	45.9	100.0
spook	under_21_44831a2580	Amplified	ambient/soundscape/underground/spooks_above/under_21	48.7	100.0
spook	under_28_74625a95be	Amplified	ambient/soundscape/underground/spooks_above/under_28	39.5	94.7
spook	under_33_61a61bbec4	Amplified	ambient/soundscape/underground/spooks_above/under_33	42.3	100.0
spook	under_34_47640e1efc	Amplified	ambient/soundscape/underground/spooks_above/under_34	54.3	100.0
spook	esc_generator_4a42ed451c	Amplified	ambient/special/esc_generator	42.9	100.0
spook	esc_generator_c3e988b886	DeadAir	ambient/special/esc_generator	40.3	96.8
spook	light_humming_0d9afa0c39	Amplified	ambient/special/light_humming	12.5	25.0
spook	fog_night_amb_1_56764b2f17	DeadAir	ambient/tuman/fog_night_amb_1	42.3	101.4
spook	ugrnd_whispers_4_66004568e7	DeadAir	ambient/ugrnd/ugrnd_whispers_4	41.5	99.6
spook	psy_voices_1_l_9e1526692d	Soundscape	anomaly/psy_voices_1_l	38.2	91.7
spook	sound_01_1c57981685	RETUNE457	ambient/soundscape/underground/spooks_below/spooks/sound_01	57.0	100.0
spook	sound_02_82d72412ba	RETUNE457	ambient/soundscape/underground/spooks_below/spooks/sound_02	54.3	100.0
spook	sound_03_6e70f9dc6a	RETUNE457	ambient/soundscape/underground/spooks_below/spooks/sound_03	37.9	90.9
spook	sound_04_2455e38fc3	RETUNE457	ambient/soundscape/underground/spooks_below/spooks/sound_04	41.0	98.5
spook	sound_05_0430807a6b	RETUNE457	ambient/soundscape/underground/spooks_below/spooks/sound_05	52.5	100.0
spook	sound_06_57b56597ce	RETUNE457	ambient/soundscape/underground/spooks_below/spooks/sound_06	38.7	92.8
spook	sound_07_313c4c6f47	RETUNE457	ambient/soundscape/underground/spooks_below/spooks/sound_07	59.1	100.0
spook	sound_08_270b3bfd1c	RETUNE457	ambient/soundscape/underground/spooks_below/spooks/sound_08	59.6	100.0
spook	sound_10_a5277893cc	RETUNE457	ambient/soundscape/underground/spooks_below/spooks/sound_10	61.1	100.0
spook	sound_17_eb86b1fbe8	RETUNE457	ambient/soundscape/underground/spooks_below/spooks/sound_17	55.2	100.0
spook	sound_18_9a819817c3	RETUNE457	ambient/soundscape/underground/spooks_below/spooks/sound_18	42.3	100.0
spook	sound_19_d1dae83132	RETUNE457	ambient/soundscape/underground/spooks_below/spooks/sound_19	42.1	100.0
spook	sound_20_7cb13f86f7	RETUNE457	ambient/soundscape/underground/spooks_below/spooks/sound_20	44.2	100.0
spook	sound_21_7962550bbe	RETUNE457	ambient/soundscape/underground/spooks_below/spooks/sound_21	44.3	100.0
spook	sound_22_d4ca419b5b	RETUNE457	ambient/soundscape/underground/spooks_below/spooks/sound_22	46.6	100.0
spook	sound_23_5985d5a1ea	RETUNE457	ambient/soundscape/underground/spooks_below/spooks/sound_23	43.6	100.0
spook	sound_24_3b3617343f	RETUNE457	ambient/soundscape/underground/spooks_below/spooks/sound_24	53.9	100.0
spook	sound_31_beb0d00da6	RETUNE457	ambient/soundscape/underground/spooks_below/spooks/sound_31	46.5	100.0
spook	sound_32_b8b1e6b6ae	RETUNE457	ambient/soundscape/underground/spooks_below/spooks/sound_32	42.4	100.0
spook	sound_33_f2a77a8ea9	RETUNE457	ambient/soundscape/underground/spooks_below/spooks/sound_33	52.7	100.0
spook	sound_34_c39d6a7cce	RETUNE457	ambient/soundscape/underground/spooks_below/spooks/sound_34	42.8	100.0
spook	sound_35_291da95924	RETUNE457	ambient/soundscape/underground/spooks_below/spooks/sound_35	43.8	100.0
spook	sound_36_500df7bc91	RETUNE457	ambient/soundscape/underground/spooks_below/spooks/sound_36	37.7	90.6
spook	rnd_moan4_43227ca4e5	DeadAir	ambient/lar_ambients/original/rnd_moan4	51.8	75.0
spook	sound_01_b1e76c253d	AudioExpansion	ambient/trx/nature/whispers/sound_01	15.0	30.0
spook	sound_02_1066e29e1e	AudioExpansion	ambient/trx/nature/whispers/sound_02	15.0	30.0
spook	sound_03_e34d56486d	AudioExpansion	ambient/trx/nature/whispers/sound_03	15.0	30.0
spook	sound_04_837acf25d8	AudioExpansion	ambient/trx/nature/whispers/sound_04	15.0	30.0
spook	sound_05_d75e3f92fe	AudioExpansion	ambient/trx/nature/whispers/sound_05	15.0	30.0
spook	sound_06_28bd00d42b	AudioExpansion	ambient/trx/nature/whispers/sound_06	15.0	30.0
spook	sound_07_652a06e108	AudioExpansion	ambient/trx/nature/whispers/sound_07	15.0	30.0
spook	sound_08_7b60b703b3	AudioExpansion	ambient/trx/nature/whispers/sound_08	15.0	30.0
spook	sound_09_d9b1d9644d	AudioExpansion	ambient/trx/nature/whispers/sound_09	15.0	30.0
spook	sound_10_f63d415899	AudioExpansion	ambient/trx/nature/whispers/sound_10	15.0	30.0
spook	sound_11_e06487fcae	AudioExpansion	ambient/trx/nature/whispers/sound_11	15.0	30.0
spook	sound_12_d4cc247e19	AudioExpansion	ambient/trx/nature/whispers/sound_12	15.0	30.0
spook	sound_13_bb276419db	AudioExpansion	ambient/trx/nature/whispers/sound_13	15.0	30.0
spook	sound_14_5f59bddfa9	AudioExpansion	ambient/trx/nature/whispers/sound_14	15.0	30.0
spook	sound_15_8ef643a20f	AudioExpansion	ambient/trx/nature/whispers/sound_15	15.0	30.0
spook	ugrnd_whispers_1_68606a0884	AudioExpansion	ambient/ugrnd/ugrnd_whispers_1	49.6	119.0
spook	psy_1_93c1745363	DeadAir	actor/wounded_psy/psy_1	37.9	50.0
spook	psy_10_fd0675db0d	DeadAir	actor/wounded_psy/psy_10	39.4	50.0
spook	psy_11_b8b9522a91	DeadAir	characters_voice/human_03/bandit/help/wounded_psy/psy_11	44.4	50.0
spook	suicide_1_81463101f8	DeadAir	characters_voice/human_03/bandit/help/wounded_psy/suicide_1	48.5	50.0
spook	suicide_1_47dc53dc9a	DeadAir	characters_voice/human_03/killer/help/wounded_psy/suicide_1	25.0	50.0
spook	psy_13_d62837015a	DeadAir	actor/wounded_psy/psy_13	25.0	50.0
spook	psy_2_299aa039b1	DeadAir	actor/wounded_psy/psy_2	48.7	50.0
spook	psy_3_b76bc9b4e5	DeadAir	actor/wounded_psy/psy_3	25.0	50.0
spook	psy_4_310c0dee35	DeadAir	characters_voice/human_03/bandit/help/wounded_psy/psy_4	44.0	50.0
spook	psy_5_dbcdde981e	DeadAir	actor/wounded_psy/psy_5	25.0	50.0
spook	psy_5_3663bd55bc	DeadAir	characters_voice/human_03/bandit/help/wounded_psy/psy_5	25.0	50.0
spook	psy_5_0d201cc8cf	DeadAir	characters_voice/human_03/killer/help/wounded_psy/psy_5	15.0	30.0
spook	psy_6_f31d0c3b35	DeadAir	characters_voice/human_03/bandit/help/wounded_psy/psy_6	25.0	50.0
spook	psy_7_bc84d533b3	DeadAir	characters_voice/human_03/bandit/help/wounded_psy/psy_7	40.5	50.0
spook	psy_8_29bd1793d3	DeadAir	characters_voice/human_03/bandit/help/wounded_psy/psy_8	25.0	50.0
spook	psy_8_03cfe91533	DeadAir	characters_voice/human_03_custom/bandit/help/wounded_psy/psy_8	38.9	50.0
spook	psy_9_fa2c8ea232	DeadAir	characters_voice/human_03/bandit/help/wounded_psy/psy_9	25.0	50.0
spook	psy_blackout_47fff49c9b	DeadAir	affects/psy_blackout	51.5	123.5
spook	psy_blackout_l_3eb305ed2c	DeadAir	affects/psy_blackout_l	56.7	136.1
spook	psy_blackout_r_e766afb837	DeadAir	affects/psy_blackout_r	43.9	105.5
spook	ambient_gunfire_10_8c1b1060fd	DeadAir	ambient/lar_ambients/lar_war/ambient_gunfire_10	53.0	127.2
spook	ambient_gunfire_11_a3ccfd7333	DeadAir	ambient/lar_ambients/lar_war/ambient_gunfire_11	51.1	122.7
spook	ambient_gunfire_12_75ee40d184	DeadAir	ambient/lar_ambients/lar_war/ambient_gunfire_12	53.7	129.0
spook	ambient_gunfire_13_547d6be1ab	DeadAir	ambient/lar_ambients/lar_war/ambient_gunfire_13	38.4	92.2
spook	ambient_gunfire_15_5e11c39312	DeadAir	ambient/lar_ambients/lar_war/ambient_gunfire_15	53.4	128.1
spook	ambient_gunfire_16_3a4ec58cd0	DeadAir	ambient/lar_ambients/lar_war/ambient_gunfire_16	52.0	124.8
spook	ambient_gunfire_2_c25f2c03d3	DeadAir	ambient/lar_ambients/lar_war/ambient_gunfire_2	48.3	115.9
spook	ambient_gunfire_3_41d4bda85a	DeadAir	ambient/lar_ambients/lar_war/ambient_gunfire_3	56.6	135.8
spook	ambient_gunfire_4_3bcb4f79cd	DeadAir	ambient/lar_ambients/lar_war/ambient_gunfire_4	42.3	101.5
spook	ambient_gunfire_7_c738b785f8	DeadAir	ambient/lar_ambients/lar_war/ambient_gunfire_7	38.6	92.7
spook	ambient_gunfire_8_21a7f6460a	DeadAir	ambient/lar_ambients/lar_war/ambient_gunfire_8	42.0	100.9
spook	ambient_gunfire_9_e3d120f731	DeadAir	ambient/lar_ambients/lar_war/ambient_gunfire_9	54.9	131.7
spook	battle_shots_01_0628e8817d	DeadAir	ambient/lar_ambients/lar_war/battle_shots_01	47.8	114.7
spook	battle_shots_02_88e628f09b	DeadAir	ambient/lar_ambients/lar_war/battle_shots_02	38.1	91.5
spook	battle_shots_03_2aa0817f04	DeadAir	ambient/lar_ambients/lar_war/battle_shots_03	58.8	141.1
spook	battle_shots_04_51dd8b9964	DeadAir	ambient/lar_ambients/lar_war/battle_shots_04	49.7	119.3
spook	battle_shots_05_8a265e2b78	DeadAir	ambient/lar_ambients/lar_war/battle_shots_05	48.6	116.7
spook	battle_shots_06_9281394a34	DeadAir	ambient/lar_ambients/lar_war/battle_shots_06	52.5	126.1
spook	battle_shots_07_7856e20add	DeadAir	ambient/lar_ambients/lar_war/battle_shots_07	54.1	129.9
spook	battle_shots_08_662287f3f6	DeadAir	ambient/lar_ambients/lar_war/battle_shots_08	62.1	149.0
spook	battle_shots_09_31b0ac9beb	DeadAir	ambient/lar_ambients/lar_war/battle_shots_09	60.1	144.3
spook	battle_shots_10_be96ad985d	DeadAir	ambient/lar_ambients/lar_war/battle_shots_10	55.2	132.4
spook	dist_shot_03_516917c908	DeadAir	ambient/lar_ambients/lar_war/dist_shot_03	49.6	119.1
spook	dist_shot_05_d700a71623	DeadAir	ambient/lar_ambients/lar_war/dist_shot_05	52.0	124.8
spook	dist_shot_06_1db1bce57e	DeadAir	ambient/lar_ambients/lar_war/dist_shot_06	53.8	129.0
spook	dist_shot_07_b355ee7f90	DeadAir	ambient/lar_ambients/lar_war/dist_shot_07	49.8	119.5
spook	dist_shot_08_846baecafc	DeadAir	ambient/lar_ambients/lar_war/dist_shot_08	52.9	126.9
spook	dist_shot_09_b44da2f703	DeadAir	ambient/lar_ambients/lar_war/dist_shot_09	53.6	128.7
spook	dist_shot_15_5af20aa4af	DeadAir	ambient/lar_ambients/lar_war/dist_shot_15	53.8	129.1
spook	dist_shot_17_3b93a8c59a	DeadAir	ambient/lar_ambients/lar_war/dist_shot_17	42.9	102.9
spook	expl_dist_01_a35d187593	DeadAir	ambient/lar_ambients/lar_war/expl_dist_01	61.8	148.4
spook	expl_dist_02_e8389c49fd	DeadAir	ambient/lar_ambients/lar_war/expl_dist_02	49.8	119.5
spook	expl_dist_03_36b8476ee5	DeadAir	ambient/lar_ambients/lar_war/expl_dist_03	50.8	122.0
spook	expl_dist_04_3108d2d534	DeadAir	ambient/lar_ambients/lar_war/expl_dist_04	55.4	132.9
spook	expl_dist_05_1bcc942301	DeadAir	ambient/lar_ambients/lar_war/expl_dist_05	46.0	110.4
spook	expl_dist_06_c3ff2e04b1	DeadAir	ambient/lar_ambients/lar_war/expl_dist_06	55.5	133.2
spook	expl_dist_07_1e638f8945	DeadAir	ambient/lar_ambients/lar_war/expl_dist_07	60.9	146.2
spook	expl_dist_08_5b0688244f	DeadAir	ambient/lar_ambients/lar_war/expl_dist_08	59.8	143.6
spook	expl_dist_09_dec8b368ff	DeadAir	ambient/lar_ambients/lar_war/expl_dist_09	49.2	118.1
spook	expl_dist_10_aea14c29a1	DeadAir	ambient/lar_ambients/lar_war/expl_dist_10	50.6	121.4
spook	swamp_creature1_1_a454c1a3e2	DeadAir	ambient/lar_ambients/metro_swamp/swamp_creature1_1	40.2	75.0
spook	swamp_creature1_2_19fae8d94b	DeadAir	ambient/lar_ambients/metro_swamp/swamp_creature1_2	52.5	75.0
spook	swamp_creature1_3_dcbc3db9d2	DeadAir	ambient/lar_ambients/metro_swamp/swamp_creature1_3	49.2	75.0
spook	swamp_creature1_4_318c97f26b	DeadAir	ambient/lar_ambients/metro_swamp/swamp_creature1_4	50.0	75.0
spook	swamp_creature1_5_74241a0d5f	DeadAir	ambient/lar_ambients/metro_swamp/swamp_creature1_5	54.0	75.0
spook	swamp_creature1_6_85985787fc	DeadAir	ambient/lar_ambients/metro_swamp/swamp_creature1_6	54.1	75.0
spook	swamp_creature1_7_826880c2a7	DeadAir	ambient/lar_ambients/metro_swamp/swamp_creature1_7	38.7	75.0
spook	swamp_creature1_8_1da3182f0c	DeadAir	ambient/lar_ambients/metro_swamp/swamp_creature1_8	41.0	75.0
spook	swamp_creature1_9_524b4df2c9	DeadAir	ambient/lar_ambients/metro_swamp/swamp_creature1_9	54.6	75.0
spook	swamp_creature2_0_d307751f6c	DeadAir	ambient/lar_ambients/metro_swamp/swamp_creature2_0	54.0	75.0
spook	swamp_creature2_1_7e986dd3fe	DeadAir	ambient/lar_ambients/metro_swamp/swamp_creature2_1	60.8	75.0
spook	swamp_creature2_2_c3c7f454da	DeadAir	ambient/lar_ambients/metro_swamp/swamp_creature2_2	50.0	75.0
spook	swamp_footsteps_1_fdff609d6f	DeadAir	ambient/lar_ambients/metro_swamp/swamp_footsteps_1	57.3	75.0
spook	swamp_footsteps_2_66c053ae02	DeadAir	ambient/lar_ambients/metro_swamp/swamp_footsteps_2	52.0	75.0
spook	swamp_footsteps_3_d9fce066c9	DeadAir	ambient/lar_ambients/metro_swamp/swamp_footsteps_3	44.8	75.0
spook	swamp_footsteps_4_763c7157c5	DeadAir	ambient/lar_ambients/metro_swamp/swamp_footsteps_4	44.5	75.0
spook	swamp_moans_heavy_1_230aa622ad	DeadAir	ambient/lar_ambients/metro_swamp/swamp_moans_heavy_1	60.5	75.0
spook	swamp_moans_heavy_10_d1a058880f	DeadAir	ambient/lar_ambients/metro_swamp/swamp_moans_heavy_10	61.7	75.0
spook	swamp_moans_heavy_2_3a19057bb2	DeadAir	ambient/lar_ambients/metro_swamp/swamp_moans_heavy_2	53.8	75.0
spook	swamp_moans_heavy_3_8260f30d58	DeadAir	ambient/lar_ambients/metro_swamp/swamp_moans_heavy_3	49.2	75.0
spook	swamp_moans_heavy_4_d77cce76b5	DeadAir	ambient/lar_ambients/metro_swamp/swamp_moans_heavy_4	45.7	75.0
spook	swamp_moans_heavy_5_f6cab417c5	DeadAir	ambient/lar_ambients/metro_swamp/swamp_moans_heavy_5	61.1	75.0
spook	swamp_moans_heavy_6_c060bd3749	DeadAir	ambient/lar_ambients/metro_swamp/swamp_moans_heavy_6	60.6	75.0
spook	swamp_moans_heavy_7_26c15c2eb6	DeadAir	ambient/lar_ambients/metro_swamp/swamp_moans_heavy_7	41.6	75.0
spook	swamp_moans_heavy_8_5098f49615	DeadAir	ambient/lar_ambients/metro_swamp/swamp_moans_heavy_8	51.9	75.0
spook	swamp_moans_heavy_9_64dfab3358	DeadAir	ambient/lar_ambients/metro_swamp/swamp_moans_heavy_9	55.7	75.0
spook	swamp_moans_medium_1_dd4fb99110	DeadAir	ambient/lar_ambients/metro_swamp/swamp_moans_medium_1	58.5	75.0
spook	swamp_moans_medium_2_9c4bd4f3f7	DeadAir	ambient/lar_ambients/metro_swamp/swamp_moans_medium_2	41.9	75.0
spook	swamp_moans_medium_3_0e1704d571	DeadAir	ambient/lar_ambients/metro_swamp/swamp_moans_medium_3	49.3	75.0
spook	rnd_moan_5be5e60a8f	DeadAir	ambient/lar_ambients/original/rnd_moan	45.4	75.0
spook	rnd_moan1_a17f95c114	DeadAir	ambient/lar_ambients/original/rnd_moan1	58.2	75.0
spook	rnd_moan2_35e2291bff	DeadAir	ambient/lar_ambients/original/rnd_moan2	53.4	75.0
spook	rnd_moan3_6e7d36ce83	DeadAir	ambient/lar_ambients/original/rnd_moan3	39.5	75.0
spook	rnd_moan5_80eedb716b	DeadAir	ambient/lar_ambients/original/rnd_moan5	49.1	75.0
spook	rnd_moan6_a523a4abf8	DeadAir	ambient/lar_ambients/original/rnd_moan6	45.7	75.0
spook	ghost_oneshot_01_ba37909d98	DeadAir	ambient/lar_nature/lar_ghosts/ghost_oneshot_01	54.5	130.9
spook	ghost_oneshot_02_63f35cf413	DeadAir	ambient/lar_nature/lar_ghosts/ghost_oneshot_02	43.5	104.5
spook	ghost_oneshot_05_9cb337c1e6	DeadAir	ambient/lar_nature/lar_ghosts/ghost_oneshot_05	60.4	145.0
spook	suspense_02_98cd60e940	DeadAir	ambient/lar_nature/lar_suspense/suspense_02	62.3	100.0
spook	suspense_03_7b9666d7fa	DeadAir	ambient/lar_nature/lar_suspense/suspense_03	54.3	100.0
spook	suspense_04_e2fe320817	DeadAir	ambient/lar_nature/lar_suspense/suspense_04	54.4	100.0
spook	suspense_05_58f2119df5	DeadAir	ambient/lar_nature/lar_suspense/suspense_05	37.9	91.0
spook	suspense_06_f5904cd417	DeadAir	ambient/lar_nature/lar_suspense/suspense_06	56.0	100.0
spook	suspense_07_a63240cc8a	DeadAir	ambient/lar_nature/lar_suspense/suspense_07	56.7	100.0
spook	suspense_08_690348e60a	DeadAir	ambient/lar_nature/lar_suspense/suspense_08	57.0	100.0
spook	organic_moan2_26ee6ea9fa	DeadAir	ambient/organic_moan2	48.4	116.1
spook	org_moan_1_38ef56f5dc	DeadAir	ambient/outdoors/org_moan_1	59.6	143.0
spook	org_moan_2_9f5fd7f140	DeadAir	ambient/outdoors/org_moan_2	47.3	113.6
spook	org_moan_3_f049ac8449	DeadAir	ambient/outdoors/org_moan_3	55.1	132.3
spook	org_moan_5_3242a1db06	DeadAir	ambient/outdoors/org_moan_5	40.7	97.6
spook	org_moan_6_41dc4b8f6c	DeadAir	ambient/outdoors/org_moan_6	61.5	147.5
spook	rnd_horror_83a9c4fa28	DeadAir	ambient/rnd_outdoor/rnd_horror	42.5	75.0
spook	rnd_horror1_4f4c79217a	DeadAir	ambient/rnd_outdoor/rnd_horror1	46.2	75.0
spook	rnd_horror_2_3acc2b98f2	DeadAir	ambient/rnd_outdoor/rnd_horror_2	56.9	136.6
spook	rnd_horror1_c3d76bdb7d	OGSE	ambient/rnd_outdoor/rnd_horror1	62.1	75.0
spook	rnd_horror_23_d3b7bf73ae	Prosector	ambient/rnd_outdoor/rnd_horror_23	60.6	145.4
spook	agru_warning_0efd4e48dc	DeadAir	ambient/special/agru_warning	60.9	146.1
spook	agru_waterfall_c450a5019d	DeadAir	ambient/special/agru_waterfall	43.0	103.3
spook	device_hum_1_e65b441210	DeadAir	ambient/special/device_hum_1	60.1	144.3
spook	device_hum_2_bd68a26b7a	DeadAir	ambient/special/device_hum_2	61.7	148.1
spook	device_hum_3_403930166d	DeadAir	ambient/special/device_hum_3	45.7	109.7
spook	hangar_loop_0_546eac41fc	DeadAir	ambient/special/hangar_loop_0	43.8	105.1
spook	lim_transformer_e7e5e0e971	DeadAir	ambient/special/lim_transformer	61.5	147.7
spook	marsh_beep_1_6f7abd9992	DeadAir	ambient/special/marsh_beep_1	51.8	124.3
spook	marsh_beep_2_43c8f19046	DeadAir	ambient/special/marsh_beep_2	55.7	133.6
spook	marsh_bubbles_f33963a193	DeadAir	ambient/special/marsh_bubbles	54.0	129.6
spook	marsh_click_1_f9dbc6b8dc	DeadAir	ambient/special/marsh_click_1	51.8	124.3
spook	marsh_click_2_1c8ba54bf2	DeadAir	ambient/special/marsh_click_2	48.0	115.3
spook	marsh_click_3_651c0c4fd3	DeadAir	ambient/special/marsh_click_3	49.0	117.7
spook	marsh_click_3a_823192d662	DeadAir	ambient/special/marsh_click_3a	45.8	110.0
spook	marsh_generator_0b64d17b54	DeadAir	ambient/special/marsh_generator	57.6	138.2
spook	marsh_pump_5246e1c127	DeadAir	ambient/special/marsh_pump	40.9	98.2
spook	metal_bangs_1_24b45f07d6	DeadAir	ambient/special/metal_bangs_1	43.9	105.4
spook	metal_construction_0_0de5b15736	DeadAir	ambient/special/metal_construction_0	49.2	118.1
spook	metal_construction_1_8b9517cbb2	DeadAir	ambient/special/metal_construction_1	61.1	146.6
spook	metal_construction_2_6a81b697f9	DeadAir	ambient/special/metal_construction_2	61.8	148.4
spook	metal_construction_3_80afed753b	DeadAir	ambient/special/metal_construction_3	43.0	103.3
spook	metal_construction_4_3d521ca070	DeadAir	ambient/special/metal_construction_4	60.5	145.1
spook	metal_sign_creak_01_a07ddd8e03	DeadAir	ambient/special/metal_sign_creak_01	48.6	116.7
spook	metal_sign_creak_02_5c2699e7db	DeadAir	ambient/special/metal_sign_creak_02	45.6	109.5
spook	metal_sign_creak_03_a98cd110a3	DeadAir	ambient/special/metal_sign_creak_03	60.7	145.7
spook	metal_squeaks_1_76bb3431e4	DeadAir	ambient/special/metal_squeaks_1	56.3	135.1
spook	metal_squeaks_2_ef4997e059	DeadAir	ambient/special/metal_squeaks_2	46.1	110.6
spook	metal_squeaks_3_f6ad3eb64d	DeadAir	ambient/special/metal_squeaks_3	49.3	118.4
spook	metal_squeaks_4_15be8dd163	DeadAir	ambient/special/metal_squeaks_4	54.4	130.7
spook	metal_squeaks_5_86a9eddd62	DeadAir	ambient/special/metal_squeaks_5	46.1	110.7
spook	metal_squeaks_6_c8478b039c	DeadAir	ambient/special/metal_squeaks_6	53.8	129.1
spook	wind_gust_loop_0_494a261e7e	DeadAir	ambient/special/wind_gust_loop_0	39.8	95.6
spook	fog_ambient_cricket_1_26cdef00e4	DeadAir	ambient/tuman/fog_ambient_cricket_1	38.3	91.9
spook	fog_ambient_cricket_2_e359f5619b	DeadAir	ambient/tuman/fog_ambient_cricket_2	40.1	96.3
spook	fog_ambient_cricket_3_7089a11b79	DeadAir	ambient/tuman/fog_ambient_cricket_3	59.0	141.6
spook	fog_ambient_dog_1_c03ecfdc21	DeadAir	ambient/tuman/fog_ambient_dog_1	59.5	120.0
spook	fog_ambient_dog_2_83aa32338b	DeadAir	ambient/tuman/fog_ambient_dog_2	53.7	120.0
spook	fog_ambient_dog_3_d1d51fbb34	DeadAir	ambient/tuman/fog_ambient_dog_3	38.5	92.5
spook	fog_ambient_dog_4_cda673cf3b	DeadAir	ambient/tuman/fog_ambient_dog_4	57.4	120.0
spook	fog_ambient_dog_5_a9e54db426	DeadAir	ambient/tuman/fog_ambient_dog_5	38.1	91.6
spook	fog_ambient_dog_6_4c1d944667	DeadAir	ambient/tuman/fog_ambient_dog_6	60.7	120.0
spook	fog_ambient_gunfire_1_1f606c7558	DeadAir	ambient/tuman/fog_ambient_gunfire_1	45.2	108.4
spook	fog_ambient_gunfire_10_444fa0230b	DeadAir	ambient/tuman/fog_ambient_gunfire_10	43.3	104.0
spook	fog_ambient_gunfire_11_492d7b5806	DeadAir	ambient/tuman/fog_ambient_gunfire_11	57.8	138.8
spook	fog_ambient_gunfire_12_a13a0702bc	DeadAir	ambient/tuman/fog_ambient_gunfire_12	40.0	96.0
spook	fog_ambient_gunfire_13_cba4889ce3	DeadAir	ambient/tuman/fog_ambient_gunfire_13	58.9	141.3
spook	fog_ambient_gunfire_15_f9ab393959	DeadAir	ambient/tuman/fog_ambient_gunfire_15	57.8	138.8
spook	fog_ambient_gunfire_16_ec60b74814	DeadAir	ambient/tuman/fog_ambient_gunfire_16	41.2	98.9
spook	fog_ambient_gunfire_2_2ec0cc0e29	DeadAir	ambient/tuman/fog_ambient_gunfire_2	46.2	110.9
spook	fog_ambient_gunfire_3_26cc29cc92	DeadAir	ambient/tuman/fog_ambient_gunfire_3	57.1	137.0
spook	fog_ambient_gunfire_4_2cab554cef	DeadAir	ambient/tuman/fog_ambient_gunfire_4	59.6	143.1
spook	fog_ambient_gunfire_5_35eebf0c03	DeadAir	ambient/tuman/fog_ambient_gunfire_5	50.0	120.1
spook	fog_ambient_gunfire_7_37e7f217f8	DeadAir	ambient/tuman/fog_ambient_gunfire_7	62.4	149.8
spook	fog_ambient_gunfire_9_5e6e309817	DeadAir	ambient/tuman/fog_ambient_gunfire_9	40.7	97.6
spook	fog_ambient_mutant_1_50522d26fc	DeadAir	ambient/tuman/fog_ambient_mutant_1	52.8	90.0
spook	fog_ambient_night_1_3bd61c4eeb	DeadAir	ambient/tuman/fog_ambient_night_1	55.8	120.0
spook	fog_ambient_night_10_f233c95600	DeadAir	ambient/tuman/fog_ambient_night_10	37.9	90.9
spook	fog_ambient_night_13_40b067993b	DeadAir	ambient/tuman/fog_ambient_night_13	42.1	101.0
spook	fog_ambient_night_2_0a6227ba7e	DeadAir	ambient/tuman/fog_ambient_night_2	44.4	106.5
spook	fog_ambient_night_3_33a2d8ac90	DeadAir	ambient/tuman/fog_ambient_night_3	50.9	120.0
spook	fog_ambient_night_5_e2ea300599	DeadAir	ambient/tuman/fog_ambient_night_5	42.4	101.7
spook	fog_ambient_night_6_574b0f2f72	DeadAir	ambient/tuman/fog_ambient_night_6	44.2	106.1
spook	fog_ambient_night_8_f42bc44e69	DeadAir	ambient/tuman/fog_ambient_night_8	42.3	101.4
spook	fog_bird_7_c560a7d8c6	DeadAir	ambient/tuman/fog_bird_7	46.3	111.0
spook	fog_bird_8_156e3efb40	DeadAir	ambient/tuman/fog_bird_8	45.0	108.0
spook	fog_bird_9_c6aefd0112	DeadAir	ambient/tuman/fog_bird_9	57.1	120.0
spook	fog_boar_1_31ba18264d	DeadAir	ambient/tuman/fog_boar_1	49.0	117.6
spook	fog_boar_2_77c158ba9a	DeadAir	ambient/tuman/fog_boar_2	53.0	120.0
spook	fog_boar_3_2965f196cc	DeadAir	ambient/tuman/fog_boar_3	40.6	97.4
spook	fog_boar_4_f9b7135b30	DeadAir	ambient/tuman/fog_boar_4	49.7	119.3
spook	fog_cricket_1_cbdd471642	DeadAir	ambient/tuman/fog_cricket_1	37.6	90.2
spook	fog_cricket_2_788adc3877	DeadAir	ambient/tuman/fog_cricket_2	56.8	136.3
spook	fog_crow_1_a3f19ffc2d	DeadAir	ambient/tuman/fog_crow_1	53.4	120.0
spook	fog_crow_10_a131e973ca	DeadAir	ambient/tuman/fog_crow_10	47.3	113.4
spook	fog_crow_11_29f96ad274	DeadAir	ambient/tuman/fog_crow_11	38.1	91.5
spook	fog_crow_12_57ce339bf7	DeadAir	ambient/tuman/fog_crow_12	38.8	93.1
spook	fog_crow_13_19fdcac189	DeadAir	ambient/tuman/fog_crow_13	50.5	120.0
spook	fog_crow_14_b724326d68	DeadAir	ambient/tuman/fog_crow_14	44.8	107.5
spook	fog_crow_15_3ffd0bc770	DeadAir	ambient/tuman/fog_crow_15	44.8	90.0
spook	fog_crow_2_de0c87e2ed	DeadAir	ambient/tuman/fog_crow_2	45.1	108.3
spook	fog_crow_3_d93ac9c22f	DeadAir	ambient/tuman/fog_crow_3	58.0	120.0
spook	fog_crow_4_b24c65c548	DeadAir	ambient/tuman/fog_crow_4	54.5	120.0
spook	fog_crow_5_ef39ab0ecc	DeadAir	ambient/tuman/fog_crow_5	59.4	120.0
spook	fog_crow_6_f7291d859d	DeadAir	ambient/tuman/fog_crow_6	40.3	96.7
spook	fog_crow_7_7b9b81b85c	DeadAir	ambient/tuman/fog_crow_7	56.6	120.0
spook	fog_crow_8_e6e7bf67b9	DeadAir	ambient/tuman/fog_crow_8	61.4	120.0
spook	fog_crow_9_fca6eb11e7	DeadAir	ambient/tuman/fog_crow_9	61.4	120.0
spook	fog_dog1_701a55e1b3	DeadAir	ambient/tuman/fog_dog1	39.1	93.8
spook	fog_dog10_1f36066c96	DeadAir	ambient/tuman/fog_dog10	55.0	90.0
spook	fog_dog2_ba1e4971a8	DeadAir	ambient/tuman/fog_dog2	59.3	120.0
spook	fog_dog3_0fdb455ba0	DeadAir	ambient/tuman/fog_dog3	50.2	120.0
spook	fog_dog4_94734d23c0	DeadAir	ambient/tuman/fog_dog4	46.4	111.3
spook	fog_dog5_c77296bf1c	DeadAir	ambient/tuman/fog_dog5	62.4	120.0
spook	fog_dog6_8734b7bea1	DeadAir	ambient/tuman/fog_dog6	62.1	120.0
spook	fog_dog7_885e009c41	DeadAir	ambient/tuman/fog_dog7	40.4	97.0
spook	fog_dog8_dbea79a5c9	DeadAir	ambient/tuman/fog_dog8	57.7	90.0
spook	fog_dog9_c87c0b107e	DeadAir	ambient/tuman/fog_dog9	43.9	90.0
spook	fog_drone_1_5dbd955f4e	DeadAir	ambient/tuman/fog_drone_1	59.8	120.0
spook	fog_drone_2_2ce1ba3445	DeadAir	ambient/tuman/fog_drone_2	52.7	120.0
spook	fog_growl_1_cf0d0935fc	DeadAir	ambient/tuman/fog_growl_1	41.2	98.9
spook	fog_growl_2_cf9c15c35f	DeadAir	ambient/tuman/fog_growl_2	51.8	120.0
spook	fog_mutant_1_cfeed71d2f	DeadAir	ambient/tuman/fog_mutant_1	46.7	112.0
spook	fog_mutant_10_ac5eb4267e	DeadAir	ambient/tuman/fog_mutant_10	54.7	131.2
spook	h18_176cb48248	Solyanka	horror/h18	58.5	140.4
spook	fog_mutant_11_e17043fa17	DeadAir	ambient/tuman/fog_mutant_11	52.8	126.8
spook	fog_mutant_12_699ec2a18c	DeadAir	ambient/tuman/fog_mutant_12	60.2	144.6
spook	fog_mutant_13_e060ed560f	DeadAir	ambient/tuman/fog_mutant_13	51.3	123.2
spook	fog_mutant_14_ed15457a9b	DeadAir	ambient/tuman/fog_mutant_14	57.9	139.0
spook	fog_mutant_2_292c75690c	DeadAir	ambient/tuman/fog_mutant_2	40.4	96.9
spook	fog_mutant_3_a5b2dbe107	DeadAir	ambient/tuman/fog_mutant_3	39.0	93.6
spook	fog_mutant_4_ad561b24ac	DeadAir	ambient/tuman/fog_mutant_4	54.4	130.5
spook	fog_mutant_5_37ea2054c6	DeadAir	ambient/tuman/fog_mutant_5	43.9	105.4
spook	fog_mutant_6_c0ddb9400f	DeadAir	ambient/tuman/fog_mutant_6	53.0	127.2
spook	fog_mutant_7_80a04ba10f	DeadAir	ambient/tuman/fog_mutant_7	51.8	124.2
spook	fog_mutant_8_ea02d4f497	DeadAir	ambient/tuman/fog_mutant_8	38.4	92.1
spook	fog_mutant_9_3779ecc8db	DeadAir	ambient/tuman/fog_mutant_9	44.4	106.6
spook	fog_night_amb_3_05b98b26e8	DeadAir	ambient/tuman/fog_night_amb_3	62.4	120.0
spook	fog_raven_1_14d2a01cb7	DeadAir	ambient/tuman/fog_raven_1	57.1	120.0
spook	fog_raven_2_91f5e1251f	DeadAir	ambient/tuman/fog_raven_2	61.1	120.0
spook	fog_raven_3_12f909e6ef	DeadAir	ambient/tuman/fog_raven_3	51.5	120.0
spook	fog_raven_4_f4ac980aae	DeadAir	ambient/tuman/fog_raven_4	58.5	120.0
spook	fog_shooting_1_0f733175e1	DeadAir	ambient/tuman/fog_shooting_1	46.8	112.4
spook	fog_shooting_10_bfb8446a48	DeadAir	ambient/tuman/fog_shooting_10	52.9	120.0
spook	fog_shooting_11_0c3012c97a	DeadAir	ambient/tuman/fog_shooting_11	43.8	105.1
spook	fog_shooting_12_ef1ee53c6d	DeadAir	ambient/tuman/fog_shooting_12	51.2	90.0
spook	fog_shooting_13_b032a69b36	DeadAir	ambient/tuman/fog_shooting_13	56.7	90.0
spook	fog_shooting_14_7f115678b3	DeadAir	ambient/tuman/fog_shooting_14	61.2	90.0
spook	fog_shooting_15_17cc7d500b	DeadAir	ambient/tuman/fog_shooting_15	53.4	90.0
spook	fog_shooting_16_efdfa1fb26	DeadAir	ambient/tuman/fog_shooting_16	41.0	90.0
spook	fog_shooting_17_ab233b2fdd	DeadAir	ambient/tuman/fog_shooting_17	46.9	90.0
spook	fog_shooting_18_43c46fa25d	DeadAir	ambient/tuman/fog_shooting_18	59.3	90.0
spook	fog_shooting_19_b27a2b2413	DeadAir	ambient/tuman/fog_shooting_19	37.8	90.0
spook	fog_shooting_2_fa8101723b	DeadAir	ambient/tuman/fog_shooting_2	58.8	120.0
spook	fog_shooting_3_b787e69e89	DeadAir	ambient/tuman/fog_shooting_3	51.2	120.0
spook	fog_shooting_4_0d987a67b7	DeadAir	ambient/tuman/fog_shooting_4	54.0	120.0
spook	fog_shooting_5_b705972b72	DeadAir	ambient/tuman/fog_shooting_5	57.7	120.0
spook	fog_shooting_6_4275c1cd33	DeadAir	ambient/tuman/fog_shooting_6	59.1	120.0
spook	fog_shooting_7_da4166ad17	DeadAir	ambient/tuman/fog_shooting_7	45.9	110.0
spook	fog_shooting_8_bd123ef65c	DeadAir	ambient/tuman/fog_shooting_8	47.8	114.6
spook	fog_shooting_9_593ba2fdc0	DeadAir	ambient/tuman/fog_shooting_9	51.7	120.0
spook	psy_1_0f02edb7b5	DeadAir	characters_voice/human_03/bandit/help/wounded_psy/psy_1	47.3	50.0
spook	psy_10_45eae86608	DeadAir	characters_voice/human_03/bandit/help/wounded_psy/psy_10	25.0	50.0
spook	psy_2_d850c1a494	DeadAir	characters_voice/human_03/bandit/help/wounded_psy/psy_2	41.5	50.0
spook	psy_3_32e84b3827	DeadAir	characters_voice/human_03/bandit/help/wounded_psy/psy_3	25.0	50.0
spook	suicide_2_b83ffe157e	DeadAir	characters_voice/human_03/bandit/help/wounded_psy/suicide_2	25.0	50.0
spook	psy_1_5ae61c9013	DeadAir	characters_voice/human_03/killer/help/wounded_psy/psy_1	15.0	30.0
spook	psy_10_2b7301ba12	DeadAir	characters_voice/human_03/killer/help/wounded_psy/psy_10	15.0	30.0
spook	psy_2_0bdbdabd43	DeadAir	characters_voice/human_03/killer/help/wounded_psy/psy_2	15.0	30.0
spook	psy_3_2b746421b0	DeadAir	characters_voice/human_03/killer/help/wounded_psy/psy_3	15.0	30.0
spook	suicide_2_55ca92818e	DeadAir	characters_voice/human_03/killer/help/wounded_psy/suicide_2	60.8	75.0
spook	psy_1_35f9ab6be6	DeadAir	characters_voice/human_03_custom/bandit/help/wounded_psy/psy_1	49.7	50.0
spook	psy_10_e65e862e10	DeadAir	characters_voice/human_03_custom/bandit/help/wounded_psy/psy_10	25.0	50.0
spook	psy_11_7187d7632e	DeadAir	characters_voice/human_03_custom/bandit/help/wounded_psy/psy_11	42.0	50.0
spook	psy_2_64e7658108	DeadAir	characters_voice/human_03_custom/bandit/help/wounded_psy/psy_2	25.0	50.0
spook	psy_3_46bcdd6815	DeadAir	characters_voice/human_03_custom/bandit/help/wounded_psy/psy_3	25.0	50.0
spook	psy_4_49795a5d7c	DeadAir	characters_voice/human_03_custom/bandit/help/wounded_psy/psy_4	41.7	50.0
spook	psy_5_0ad6137dcc	DeadAir	characters_voice/human_03_custom/bandit/help/wounded_psy/psy_5	25.0	50.0
spook	psy_6_ef4e20a0f9	DeadAir	characters_voice/human_03_custom/bandit/help/wounded_psy/psy_6	25.0	50.0
spook	psy_7_5e8cda61f5	DeadAir	characters_voice/human_03_custom/bandit/help/wounded_psy/psy_7	43.1	50.0
spook	psy_9_d55255ff25	DeadAir	characters_voice/human_03_custom/bandit/help/wounded_psy/psy_9	46.9	50.0
spook	suicide_1_95289b6dce	DeadAir	characters_voice/human_03_custom/bandit/help/wounded_psy/suicide_1	37.9	50.0
spook	suicide_2_ddf4ee3dd3	DeadAir	characters_voice/human_03_custom/bandit/help/wounded_psy/suicide_2	43.5	50.0
spook	psy_voices_1_687fd02864	DeadAir	characters_voice/scenario/yantar/psy_voices_1	43.0	103.2
spook	psy_voices_1_l_6c912fc887	DeadAir	characters_voice/scenario/yantar/psy_voices_1_l	51.4	123.3
spook	psy_voices_1_r_c912902efe	DeadAir	characters_voice/scenario/yantar/psy_voices_1_r	39.6	94.9
spook	rnd_horror4_cc8248c6ee	OGSE	ambient/random/rnd_horror4	60.0	144.1
spook	rnd_horror_2311cf8b2b	OGSE	ambient/rnd_outdoor/rnd_horror	47.3	75.0
spook	rnd_horror_1_1e4146256d	Solyanka	ambient/rnd_outdoor/rnd_horror_1	58.7	140.8
spook	marsh_bubbles_1c4f6304f6	OGSE	ambient/special/marsh_bubbles	44.0	50.0
spook	fear_sound_1_ffcd22cb0c	Prosector	ambient/pripyat/fear_sound_1	56.8	100.0
spook	fear_sound_10_519dc79f1c	Prosector	ambient/pripyat/fear_sound_10	39.6	95.1
spook	fear_sound_2_f053484d0c	Prosector	ambient/pripyat/fear_sound_2	54.1	129.9
spook	rnd_moan_04ac99a02f	Prosector	ambient/random/rnd_moan	40.2	96.6
spook	rnd_moan1_b2f86c85cb	Prosector	ambient/random/rnd_moan1	62.2	149.3
spook	rnd_moan2_c87d8ca5d2	Prosector	ambient/random/rnd_moan2	57.3	137.6
spook	rnd_moan3_0b7627ec7c	Prosector	ambient/random/rnd_moan3	56.2	134.9
spook	rnd_moan4_61eed06452	Prosector	ambient/random/rnd_moan4	49.3	118.4
spook	rnd_moan5_5028aa94bf	Prosector	ambient/random/rnd_moan5	43.5	104.4
spook	evcl_whisper_ee6525f50c	Prosector	ambient/rnd_outdoor/evcl_whisper	25.0	50.0
spook	target_down_3698aaf8c4	Prosector	ambient/special/target_down	52.7	126.5
spook	target_hit_1_2743daf985	Prosector	ambient/special/target_hit_1	42.2	101.4
spook	target_hit_2_163f6b4c0b	Prosector	ambient/special/target_hit_2	46.1	110.5
spook	target_hit_3_191b8f74d2	Prosector	ambient/special/target_hit_3	39.1	93.9
spook	target_up_abfb4bc324	Prosector	ambient/special/target_up	41.0	98.4
spook	ghost1_3cda0a5ce7	Prosector	ambient/tuman/ghost1	53.8	90.0
spook	ghost2_21fbf4c6ca	Prosector	ambient/tuman/ghost2	61.3	90.0
spook	ghost3_1671a790ae	Prosector	ambient/tuman/ghost3	49.8	90.0
spook	lwr_fog_breath_71b1fd548c	Prosector	ambient/tuman/lwr_fog_breath	37.8	90.0
spook	veryfoggyscr_c47b1d2a6c	Prosector	ambient/tuman/veryfoggyscr	49.3	90.0
spook	veryfoggyscr1_859fc72a8f	Prosector	ambient/tuman/veryfoggyscr1	40.6	90.0
spook	fog_dog6_ee2006f17e	Solyanka	ambient/tuman/fog_dog6	41.2	75.0
spook	h02_f10b6aa75e	Solyanka	horror/h02	41.5	99.6
spook	h03_a21b856d43	Solyanka	horror/h03	15.0	30.0
spook	h04_0f0694ec35	Solyanka	horror/h04	58.2	139.8
spook	h07_3448cd8d4f	Solyanka	horror/h07	51.5	90.0
spook	h09_fdc6d9e6f5	Solyanka	horror/h09	61.1	90.0
spook	h17_cbb6d16559	Solyanka	horror/h17	57.7	138.5
spook	h19_d2655f5205	Solyanka	horror/h19	51.8	124.4
spook	h20_b535ef9413	Solyanka	horror/h20	60.7	145.6
spook	h21_2d37d80e1d	Solyanka	horror/h21	22.5	45.0
spook	h22_9691484059	Solyanka	horror/h22	40.0	96.0
spook	h23_d390d7ee33	Solyanka	horror/h23	10.0	20.0
spook	h24_58dbc72ea7	Solyanka	horror/h24	56.1	134.5
spook	h25_67fc23cbb7	Solyanka	horror/h25	47.2	50.0
spook	h26_42d623e1fd	Solyanka	horror/h26	25.0	50.0
spook	m01_4125729ae2	Solyanka	horror/m01	47.6	100.0
spook	m02_54ffc39711	Solyanka	horror/m02	41.1	98.7
spook	m03_a6566ebaf9	Solyanka	horror/m03	25.0	50.0
spook	m04_9929426701	Solyanka	horror/m04	37.6	90.3
spook	m05_defdf916dc	Solyanka	horror/m05	39.9	40.0
spook	m06_2085ec1ec7	Solyanka	horror/m06	25.0	50.0
spook	m07_08e5df931c	Solyanka	horror/m07	50.0	60.0
spook	m08_67a8a4afa5	Solyanka	horror/m08	56.1	100.0
spook	m09_4b9c815ca2	Solyanka	horror/m09	40.4	97.0
spook	m10_cef9fa4f77	Solyanka	horror/m10	43.0	50.0
spook	m11_0c8cbafe4e	Solyanka	horror/m11	41.2	50.0
spook	start01_1de2f9dac0	Solyanka	horror/start01	40.6	97.5
spook	stop01_418f4acc60	Solyanka	horror/stop01	43.6	104.7
spook	giant_idle_2_b450daf43c	NLC	ambient/inferno/giant_idle_2	60.4	145.0
spook	giant_idle_3_b7fc872a3f	NLC	ambient/inferno/giant_idle_3	54.1	129.9
spook	monolith_call_1_0cff349f76	NLC	ambient/inferno/monolith_call_1	57.1	137.1
spook	monolith_call_2_85a73784da	NLC	ambient/inferno/monolith_call_2	42.5	102.1
spook	monolith_call_3_96d127c7ed	NLC	ambient/inferno/monolith_call_3	42.1	101.0
spook	monolith_call_4_8869c6646f	NLC	ambient/inferno/monolith_call_4	50.0	120.1
spook	monolith_call_5_c2264d2bf0	NLC	ambient/inferno/monolith_call_5	53.7	128.9
spook	monolith_call_6_546c8c1b68	NLC	ambient/inferno/monolith_call_6	51.4	123.3
spook	monolith_call_7_6b9c22b7c1	NLC	ambient/inferno/monolith_call_7	52.6	126.3
spook	rnd_krik9_3baac71dc2	NLC	ambient/inferno/rnd_krik9	39.7	95.2
spook	bdog_distant_10_84993b3e6d	NLC	ambient/tuman/bdog_distant_10	59.2	142.2
spook	fear_sound_1_92eb46815e	NLC	fear_sounds/forest/fear_sound_1	38.3	92.0
spook	fear_sound_10_b1eedea7a7	NLC	fear_sounds/forest/fear_sound_10	37.7	90.5
spook	fear_sound_11_2beb97d400	NLC	fear_sounds/forest/fear_sound_11	54.5	130.9
spook	fear_sound_12_1dc4094890	NLC	fear_sounds/forest/fear_sound_12	45.2	108.4
spook	fear_sound_13_e5ac607e9c	NLC	fear_sounds/forest/fear_sound_13	60.6	145.5
spook	fear_sound_14_b1c638c8a7	NLC	fear_sounds/forest/fear_sound_14	53.2	127.6
spook	fear_sound_15_1397bc719f	NLC	fear_sounds/forest/fear_sound_15	47.6	114.2
spook	fear_sound_16_40b325ef47	NLC	fear_sounds/forest/fear_sound_16	57.2	137.3
spook	fear_sound_17_67b697898e	NLC	fear_sounds/forest/fear_sound_17	50.9	122.1
spook	fear_sound_2_13cac3fb9d	NLC	fear_sounds/forest/fear_sound_2	47.3	113.6
spook	fear_sound_3_088d6af936	NLC	fear_sounds/forest/fear_sound_3	38.7	92.9
spook	fear_sound_4_e2af115a56	NLC	fear_sounds/forest/fear_sound_4	61.0	146.3
spook	fear_sound_5_335ee6ee44	NLC	fear_sounds/forest/fear_sound_5	58.3	139.9
spook	fear_sound_6_15d60e4dca	NLC	fear_sounds/forest/fear_sound_6	55.7	133.6
spook	fear_sound_7_4b52db3a83	NLC	fear_sounds/forest/fear_sound_7	52.5	126.1
spook	fear_sound_9_175eb2ab75	NLC	fear_sounds/forest/fear_sound_9	62.1	149.0
spook	fear_sound_1_ea821e14c0	NLC	fear_sounds/hospital/fear_sound_1	50.3	120.7
spook	fear_sound_10_0ec7a7dc65	NLC	fear_sounds/hospital/fear_sound_10	42.0	100.9
spook	fear_sound_11_355ad0ce3b	NLC	fear_sounds/hospital/fear_sound_11	48.6	116.6
spook	fear_sound_12_e517a64c2f	NLC	fear_sounds/hospital/fear_sound_12	61.5	147.6
spook	fear_sound_13_e92010682d	NLC	fear_sounds/hospital/fear_sound_13	59.5	142.8
spook	fear_sound_14_7ea08f9cf2	NLC	fear_sounds/hospital/fear_sound_14	61.8	148.2
spook	fear_sound_15_aa180db4e2	NLC	fear_sounds/hospital/fear_sound_15	58.8	100.0
spook	fear_sound_17_6495e1c944	NLC	fear_sounds/hospital/fear_sound_17	54.3	100.0
spook	fear_sound_2_2d10557942	NLC	fear_sounds/hospital/fear_sound_2	42.0	100.7
spook	fear_sound_3_3db87f71cd	NLC	fear_sounds/hospital/fear_sound_3	48.7	116.9
spook	fear_sound_4_649d6337b6	NLC	fear_sounds/hospital/fear_sound_4	47.0	112.9
spook	fear_sound_5_89bc61043e	NLC	fear_sounds/hospital/fear_sound_5	50.3	120.7
spook	fear_sound_6_8e795862fd	NLC	fear_sounds/hospital/fear_sound_6	57.6	138.3
spook	fear_sound_7_43be656a41	NLC	fear_sounds/hospital/fear_sound_7	49.9	119.7
spook	fear_sound_8_33a1396452	NLC	fear_sounds/hospital/fear_sound_8	43.9	105.3
spook	fear_sound_9_b4a57116e8	NLC	fear_sounds/hospital/fear_sound_9	57.3	137.5
spook	fear_sound_1_8338217e01	NLC	fear_sounds/limansk/fear_sound_1	57.9	138.8
spook	fear_sound_11_aaf10c413b	NLC	fear_sounds/limansk/fear_sound_11	46.0	110.4
spook	fear_sound_12_1e0aecd90f	NLC	fear_sounds/limansk/fear_sound_12	51.6	123.8
spook	fear_sound_13_51b40d7df0	NLC	fear_sounds/limansk/fear_sound_13	48.9	117.5
spook	fear_sound_14_6512b87e8c	NLC	fear_sounds/limansk/fear_sound_14	38.7	92.9
spook	fear_sound_15_b98efcb066	NLC	fear_sounds/limansk/fear_sound_15	52.7	126.6
spook	fear_sound_2_67a11e4632	NLC	fear_sounds/limansk/fear_sound_2	55.6	133.5
spook	fear_sound_3_78ffc1c36e	NLC	fear_sounds/limansk/fear_sound_3	39.7	95.3
spook	fear_sound_4_f06eb85431	NLC	fear_sounds/limansk/fear_sound_4	61.2	147.0
spook	fear_sound_5_d904c4bd8a	NLC	fear_sounds/limansk/fear_sound_5	56.9	136.6
spook	fear_sound_6_198ea2f802	NLC	fear_sounds/limansk/fear_sound_6	40.4	97.0
spook	fear_sound_8_50de8db804	NLC	fear_sounds/limansk/fear_sound_8	42.7	102.6
spook	fear_sound_9_b6d11d5b30	NLC	fear_sounds/limansk/fear_sound_9	57.5	138.0
spook	fear_sound_1_f8648f0f4b	NLC	fear_sounds/outdoors/fear_sound_1	53.0	100.0
spook	fear_sound_10_59dfc1fb8e	NLC	fear_sounds/outdoors/fear_sound_10	50.5	100.0
spook	fear_sound_11_1631f6421b	NLC	fear_sounds/outdoors/fear_sound_11	51.0	100.0
spook	fear_sound_12_aa756b6473	NLC	fear_sounds/outdoors/fear_sound_12	61.3	100.0
spook	fear_sound_13_ccd2f70f0f	NLC	fear_sounds/outdoors/fear_sound_13	41.7	100.0
spook	fear_sound_14_aeeb2666a1	NLC	fear_sounds/outdoors/fear_sound_14	39.1	93.8
spook	fear_sound_15_289fb08fdb	NLC	fear_sounds/outdoors/fear_sound_15	40.3	96.7
spook	fear_sound_16_1fb5ab4d86	NLC	fear_sounds/outdoors/fear_sound_16	54.6	100.0
spook	fear_sound_17_5a46653236	NLC	fear_sounds/outdoors/fear_sound_17	47.1	100.0
spook	fear_sound_18_2708c78e75	NLC	fear_sounds/outdoors/fear_sound_18	53.1	100.0
spook	fear_sound_19_b3549e3115	NLC	fear_sounds/outdoors/fear_sound_19	46.1	100.0
spook	fear_sound_2_3e640bb4f3	NLC	fear_sounds/outdoors/fear_sound_2	41.6	99.7
spook	fear_sound_20_f5f5d12094	NLC	fear_sounds/outdoors/fear_sound_20	40.2	96.4
spook	fear_sound_21_0065ec88f9	NLC	fear_sounds/outdoors/fear_sound_21	55.4	100.0
spook	fear_sound_22_631a272c09	NLC	fear_sounds/outdoors/fear_sound_22	41.4	99.5
spook	fear_sound_23_6275880c4d	NLC	fear_sounds/outdoors/fear_sound_23	59.5	100.0
spook	fear_sound_24_dd0085f9b5	NLC	fear_sounds/outdoors/fear_sound_24	62.3	100.0
spook	fear_sound_25_497ee56676	NLC	fear_sounds/outdoors/fear_sound_25	39.4	94.6
spook	fear_sound_26_d8795ead35	NLC	fear_sounds/outdoors/fear_sound_26	56.4	100.0
spook	fear_sound_27_4eb9e964a7	NLC	fear_sounds/outdoors/fear_sound_27	42.8	100.0
spook	fear_sound_28_7dff7e3505	NLC	fear_sounds/outdoors/fear_sound_28	39.6	95.0
spook	fear_sound_3_f6d92d8e4b	NLC	fear_sounds/outdoors/fear_sound_3	54.0	100.0
spook	fear_sound_4_4c746fa7d6	NLC	fear_sounds/outdoors/fear_sound_4	60.6	100.0
spook	fear_sound_5_6da224fdfb	NLC	fear_sounds/outdoors/fear_sound_5	57.5	100.0
spook	fear_sound_6_476660bca0	NLC	fear_sounds/outdoors/fear_sound_6	62.2	100.0
spook	fear_sound_7_fa308fefba	NLC	fear_sounds/outdoors/fear_sound_7	44.6	100.0
spook	fear_sound_8_6691b5e0a7	NLC	fear_sounds/outdoors/fear_sound_8	46.6	100.0
spook	fear_sound_9_8ef25b2a70	NLC	fear_sounds/outdoors/fear_sound_9	46.2	100.0
spook	fear_sound_14_a8da127b4b	NLC	fear_sounds/peshery/fear_sound_14	41.5	99.7
spook	fear_sound_16_df1a8b3394	NLC	fear_sounds/peshery/fear_sound_16	55.5	133.3
spook	fear_sound_17_fe78ab7861	NLC	fear_sounds/peshery/fear_sound_17	38.3	92.0
spook	fear_sound_18_c69908b33e	NLC	fear_sounds/peshery/fear_sound_18	56.3	135.2
spook	fear_sound_19_b8f409a1e4	NLC	fear_sounds/peshery/fear_sound_19	44.9	107.8
spook	fear_sound_2_c6b08fe57d	NLC	fear_sounds/peshery/fear_sound_2	40.5	97.3
spook	fear_sound_20_1163b6b126	NLC	fear_sounds/peshery/fear_sound_20	40.9	98.2
spook	fear_sound_21_d878f24e8a	NLC	fear_sounds/peshery/fear_sound_21	62.3	149.6
spook	fear_sound_22_4406977a40	NLC	fear_sounds/peshery/fear_sound_22	59.4	142.5
spook	fear_sound_23_7ca82d26a4	NLC	fear_sounds/peshery/fear_sound_23	38.7	92.8
spook	fear_sound_24_07bc335f65	NLC	fear_sounds/peshery/fear_sound_24	42.4	101.7
spook	fear_sound_25_fa855318a0	NLC	fear_sounds/peshery/fear_sound_25	57.5	137.9
spook	fear_sound_3_8d1d0e5ee3	NLC	fear_sounds/peshery/fear_sound_3	46.5	111.6
spook	fear_sound_4_17086db37c	NLC	fear_sounds/peshery/fear_sound_4	51.2	122.9
spook	fear_sound_6_215b8e9ccd	NLC	fear_sounds/peshery/fear_sound_6	59.1	141.7
spook	fear_sound_7_60c695a9bc	NLC	fear_sounds/peshery/fear_sound_7	54.4	130.5
spook	fear_sound_8_cceaab4c15	NLC	fear_sounds/peshery/fear_sound_8	50.6	121.4
spook	fear_sound_9_3797930f11	NLC	fear_sounds/peshery/fear_sound_9	61.0	146.5
spook	fear_sound_1_164774b594	NLC	fear_sounds/pripyat/fear_sound_1	51.9	124.6
spook	fear_sound_10_e8668fa9ed	NLC	fear_sounds/pripyat/fear_sound_10	49.2	118.2
spook	fear_sound_11_0c3dfca141	NLC	fear_sounds/pripyat/fear_sound_11	40.9	98.2
spook	fear_sound_12_cbb9646e62	NLC	fear_sounds/pripyat/fear_sound_12	60.6	145.5
spook	fear_sound_13_be6138a2e8	NLC	fear_sounds/pripyat/fear_sound_13	60.9	146.1
spook	fear_sound_2_48089f4bad	NLC	fear_sounds/pripyat/fear_sound_2	39.8	95.5
spook	fear_sound_3_0cf13bdeee	NLC	fear_sounds/pripyat/fear_sound_3	58.2	139.6
spook	fear_sound_4_1ee6352934	NLC	fear_sounds/pripyat/fear_sound_4	41.6	99.9
spook	fear_sound_5_81dde49172	NLC	fear_sounds/pripyat/fear_sound_5	39.7	95.4
spook	fear_sound_7_8617005cc3	NLC	fear_sounds/pripyat/fear_sound_7	59.6	143.1
spook	fear_sound_8_02015d060b	NLC	fear_sounds/pripyat/fear_sound_8	39.6	95.1
spook	fear_sound_1_e45b233252	NLC	fear_sounds/rostok/fear_sound_1	57.4	137.7
spook	fear_sound_1_c4b35b1060	NLC	fear_sounds/stancia/fear_sound_1	57.4	137.7
spook	fear_sound_10_af63cfe45c	NLC	fear_sounds/stancia/fear_sound_10	43.5	104.5
spook	fear_sound_2_d52c0c5725	NLC	fear_sounds/stancia/fear_sound_2	59.1	141.8
spook	fear_sound_3_10fdb19764	NLC	fear_sounds/stancia/fear_sound_3	38.0	91.2
spook	fear_sound_4_1d586bfd41	NLC	fear_sounds/stancia/fear_sound_4	40.4	96.9
spook	fear_sound_6_ed4d4bd961	NLC	fear_sounds/stancia/fear_sound_6	40.4	97.0
spook	fear_sound_7_fa9ae3401f	NLC	fear_sounds/stancia/fear_sound_7	58.0	139.2
spook	fear_sound_8_049848a9f3	NLC	fear_sounds/stancia/fear_sound_8	56.6	135.9
spook	fear_sound_9_d439dffc02	NLC	fear_sounds/stancia/fear_sound_9	52.5	126.0
spook	fear_sound_1_cc13b6ab6a	NLC	fear_sounds/underground/fear_sound_1	42.7	102.5
spook	fear_sound_10_ae2a05d34f	NLC	fear_sounds/underground/fear_sound_10	38.8	93.2
spook	fear_sound_11_1ab727941b	NLC	fear_sounds/underground/fear_sound_11	51.8	124.2
spook	fear_sound_12_cce12d6691	NLC	fear_sounds/underground/fear_sound_12	54.3	130.4
spook	fear_sound_13_5e6132e5f3	NLC	fear_sounds/underground/fear_sound_13	53.7	128.8
spook	fear_sound_14_46da9edc2e	NLC	fear_sounds/underground/fear_sound_14	41.1	98.6
spook	fear_sound_15_9306496af6	NLC	fear_sounds/underground/fear_sound_15	42.5	102.1
spook	fear_sound_16_4631a10b72	NLC	fear_sounds/underground/fear_sound_16	45.4	109.0
spook	fear_sound_17_e6c2f1f3a4	NLC	fear_sounds/underground/fear_sound_17	55.9	134.2
spook	fear_sound_2_c64f647439	NLC	fear_sounds/underground/fear_sound_2	42.8	102.6
spook	fear_sound_3_545c921fe9	NLC	fear_sounds/underground/fear_sound_3	58.1	139.5
spook	fear_sound_4_77cae7dc32	NLC	fear_sounds/underground/fear_sound_4	38.1	91.4
spook	fear_sound_5_6eb54d53eb	NLC	fear_sounds/underground/fear_sound_5	45.5	109.3
spook	fear_sound_7_f14d24b23e	NLC	fear_sounds/underground/fear_sound_7	43.2	103.7
spook	fear_sound_8_ec092808b4	NLC	fear_sounds/underground/fear_sound_8	43.8	105.2
spook	fear_sound_9_18979e77ad	NLC	fear_sounds/underground/fear_sound_9	53.7	128.9
spook	rnd_horror_2_f10052a0ec	SoP	ambient/rnd_outdoor/rnd_horror_2	46.6	111.9
spook	rnd_moan_1_75023bb58c	SoP	ambient/rnd_outdoor/rnd_moan_1	62.3	149.4
spook	rnd_moan_4_d7645294dc	SoP	ambient/rnd_outdoor/rnd_moan_4	41.6	99.9
spook	rnd_moan_5_91a71d0a86	SoP	ambient/rnd_outdoor/rnd_moan_5	40.2	96.4
spook	agroprom_anihilator_1eddd78fc2	SoP	ambient/special/agroprom_anihilator	46.2	110.8
spook	bar_phone_3b95ba7315	SoP	ambient/special/bar_phone	57.4	137.7
spook	bar_veterans_go_to_factory_e6f37c7a01	SoP	ambient/special/bar_veterans_go_to_factory	49.5	118.8
spook	bar_zombie_spawn_3_07c968f6f6	SoP	ambient/special/bar_zombie_spawn_3	51.6	123.9
spook	beep_1abf46110e	SoP	ambient/special/beep	59.8	143.5
spook	bloodsucker_sucking_01cb4b921a	SoP	ambient/special/bloodsucker_sucking	56.7	64.0
spook	change_outfit_08fa497689	SoP	ambient/special/change_outfit	44.9	107.7
spook	click_c977c2d9dd	SoP	ambient/special/click	55.7	133.6
spook	electric_crash_3f2555a193	SoP	ambient/special/electric_crash	38.5	92.3
spook	escape_fighter_e7613e3a8f	SoP	ambient/special/escape_fighter	39.2	94.2
spook	escape_truck_arriving_8cb140c321	SoP	ambient/special/escape_truck_arriving	60.7	145.6
spook	explosion_1_bc94499808	SoP	ambient/special/explosion_1	54.9	131.8
spook	explosion_2_8dd7e55428	SoP	ambient/special/explosion_2	59.9	143.8
spook	explosion_3_e80ff53187	SoP	ambient/special/explosion_3	47.1	113.0
spook	fear_hata_389edb5613	SoP	ambient/special/fear_hata	58.4	140.1
spook	generators_door_open_0208659f15	SoP	ambient/special/generators_door_open	38.7	92.9
spook	generators_ecolog_talk_c655fa949a	SoP	ambient/special/generators_ecolog_talk	43.4	104.3
spook	generators_flying_corpses_5ad996c01c	SoP	ambient/special/generators_flying_corpses	50.0	120.0
spook	generators_go_to_treeway_1_c6f22a4fd2	SoP	ambient/special/generators_go_to_treeway_1	42.8	102.8
spook	generators_metal_large_727cb1b910	SoP	ambient/special/generators_metal_large	52.8	126.7
spook	glass_break_4747b185e8	SoP	ambient/special/glass_break	55.1	132.3
spook	heartbeat_fast_6fb295b798	SoP	ambient/special/heartbeat_fast	45.4	108.9
spook	heartbeat_long_4b89143270	SoP	ambient/special/heartbeat_long	51.4	123.4
spook	low_base_dbcd746169	SoP	ambient/special/low_base	38.6	64.0
spook	open_capsule_27c6f608ab	SoP	ambient/special/open_capsule	49.4	118.5
spook	power_on_88315ab596	SoP	ambient/special/power_on	59.2	142.0
spook	power_switch_31e6266cde	SoP	ambient/special/power_switch	7.5	15.0
spook	pripyat_monsters_shootout_91e6b2f9b8	SoP	ambient/special/pripyat_monsters_shootout	51.6	123.9
spook	psy_noise_df062460f4	SoP	ambient/special/psy_noise	39.1	93.9
spook	psy_voices_e8ea6865cf	SoP	ambient/special/psy_voices	60.4	145.0
spook	radar_bunker_destroying_generator_17e8c9020f	SoP	ambient/special/radar_bunker_destroying_generator	54.4	130.6
spook	radar_bunker_drain_water_0a25fabbff	SoP	ambient/special/radar_bunker_drain_water	45.5	109.1
spook	rostok_bloodsucker_call_628edee4fd	SoP	ambient/special/rostok_bloodsucker_call	53.7	128.9
spook	rostok_lair_f17680980f	SoP	ambient/special/rostok_lair	45.1	108.3
spook	shortage_ammo_dbaf2f1edb	SoP	ambient/special/shortage_ammo	25.0	50.0
spook	siren_2b7e163bd7	SoP	ambient/special/siren	40.4	96.9
spook	siren_gen_9b1b18d462	SoP	ambient/special/siren_gen	38.0	91.2
spook	sob_4186d61766	SoP	ambient/special/sob	55.0	132.0
spook	swamp_intelligent_bog_death_5652a51ce1	SoP	ambient/special/swamp_intelligent_bog_death	41.4	99.2
spook	teleport_3f3c61d617	SoP	ambient/special/teleport	53.1	127.5
spook	thunder_1_e0de726cd4	SoP	ambient/special/thunder_1	54.7	131.3
spook	thunder_3_97802d5868	SoP	ambient/special/thunder_3	57.7	138.6
spook	tun_noise_a7dda9067e	SoP	ambient/special/tun_noise	41.4	99.3
spook	use_canister_28c5d77387	SoP	ambient/special/use_canister	47.5	113.9
spook	use_matches_49a0c9d5f9	SoP	ambient/special/use_matches	41.0	64.0
spook	wood_break_9142db3b35	SoP	ambient/special/wood_break	59.8	143.6
spook	xforce2_c8dcaca0e6	SoP	ambient/special/xforce2	54.9	131.8
spook	yantar_blowout_measurement_70c040d0f6	SoP	ambient/special/yantar_blowout_measurement	44.9	107.7
spook	yantar_demon_voice_81526c7812	SoP	ambient/special/yantar_demon_voice	59.7	143.3
spook	yantar_poltergeists_spawn_b155394f5e	SoP	ambient/special/yantar_poltergeists_spawn	45.7	109.6
spook	yantar_steps_wood_11f96bca39	SoP	ambient/special/yantar_steps_wood	45.8	110.0
spook	zombie_mute_1_5c7978f42d	SoP	ambient/special/zombie_mute_1	39.9	95.8
spook	zombie_mute_10_f8e8f25595	SoP	ambient/special/zombie_mute_10	39.6	95.0
spook	zombie_mute_2_1ebb599f8b	SoP	ambient/special/zombie_mute_2	53.9	129.5
spook	zombie_mute_3_278b1d3bc1	SoP	ambient/special/zombie_mute_3	40.5	97.3
spook	zombie_mute_4_cca078e2ef	SoP	ambient/special/zombie_mute_4	39.8	95.5
spook	zombie_mute_5_2a05aef962	SoP	ambient/special/zombie_mute_5	40.9	98.1
spook	zombie_mute_6_fcfe6ef57b	SoP	ambient/special/zombie_mute_6	45.9	110.1
spook	zombie_mute_7_52834f1874	SoP	ambient/special/zombie_mute_7	47.0	112.9
spook	zombie_mute_8_6a62564cc0	SoP	ambient/special/zombie_mute_8	46.7	112.0
spook	zombie_mute_9_6175ea77bc	SoP	ambient/special/zombie_mute_9	60.1	144.2
spook	rnd_moan5_f67a5eab6d	vanilla	ambient/rnd_outdoor/rnd_moan5	38.2	75.0
spook	light_buzz_1_22342a9c4a	vanilla	ambient/special/light_buzz_1	12.5	25.0
spook	light_buzz_2_93d1eec134	vanilla	ambient/special/light_buzz_2	12.5	25.0
spook	light_buzz_3_e0542dc1ff	vanilla	ambient/special/light_buzz_3	12.5	25.0
spook	light_buzz_4_1c694e0543	vanilla	ambient/special/light_buzz_4	12.5	25.0
spook	light_humming_343fad8ed9	vanilla	ambient/special/light_humming	12.5	25.0
spook	light_sizzles_1_dc0f2a7a50	vanilla	ambient/special/light_sizzles_1	12.5	25.0
spook	light_sizzles_10_281b4233a8	vanilla	ambient/special/light_sizzles_10	12.5	25.0
spook	light_sizzles_11_489f19eba9	vanilla	ambient/special/light_sizzles_11	12.5	25.0
spook	light_sizzles_2_3cb4bb7ab5	vanilla	ambient/special/light_sizzles_2	12.5	25.0
spook	light_sizzles_3_6bea53e7a8	vanilla	ambient/special/light_sizzles_3	12.5	25.0
spook	light_sizzles_4_b2c4ab0eca	vanilla	ambient/special/light_sizzles_4	12.5	25.0
spook	light_sizzles_5_598b20aee5	vanilla	ambient/special/light_sizzles_5	12.5	25.0
spook	light_sizzles_6_1cb2a8f2b9	vanilla	ambient/special/light_sizzles_6	12.5	25.0
spook	light_sizzles_7_03974ada8d	vanilla	ambient/special/light_sizzles_7	12.5	25.0
spook	light_sizzles_8_94d5552bf3	vanilla	ambient/special/light_sizzles_8	12.5	25.0
spook	light_sizzles_9_eafbca15bd	vanilla	ambient/special/light_sizzles_9	12.5	25.0
structural	airtight_door_idle_9c337f6926	Amplified	device/airtight_door_idle	3.1	103.5
structural	airtight_door_start_7866dca3bf	Amplified	device/airtight_door_start	2.5	82.2
structural	airtight_door_stop_0e4e51b52b	Amplified	device/airtight_door_stop	3.7	123.7
structural	airtight_gates_idle_619d01ea6c	Amplified	device/airtight_gates_idle	3.1	104.8
structural	airtight_gates_start_6c6fa59931	Amplified	device/airtight_gates_start	2.8	91.7
structural	airtight_gates_stop_93a4c52401	Amplified	device/airtight_gates_stop	3.7	124.1
structural	door_closing_135d45f015	Amplified	device/door_closing	3.6	35.0
structural	door_locked_cad5455fcb	Amplified	device/door_locked	2.5	40.0
structural	door_servomotor_70be7aed04	Amplified	device/door_servomotor	3.6	50.0
structural	door_start_556b4b5264	Amplified	device/door_start	3.7	30.0
structural	door_stop_863c4caee9	Amplified	device/door_stop	2.7	50.0
structural	metal_small_close_start_66fd4faea3	Amplified	device/metal_small_close_start	3.5	35.0
structural	metal_small_close_start1_f769284b86	Amplified	device/metal_small_close_start1	2.5	50.0
structural	metal_small_close_stop_8e4d230d66	Amplified	device/metal_small_close_stop	2.8	94.3
structural	metal_small_close_stop1_596f12b5ae	Amplified	device/metal_small_close_stop1	2.3	50.0
structural	metal_small_open_7e51c32a40	Amplified	device/metal_small_open	3.7	100.0
structural	door_closing_0a8493b563	Amplified	device/old/door_closing	3.5	35.0
structural	door_start_3dd6396cc0	Amplified	device/old/door_start	3.3	35.0
structural	door_stop_d8f9773279	Amplified	device/old/door_stop	2.7	50.0
structural	sound_01_86f589e792	AudioExpansion	ambient/trx/spooks_below/creaks/sound_01	3.3	111.1
structural	sound_02_9b07da6ad2	AudioExpansion	ambient/trx/spooks_below/creaks/sound_02	3.7	122.8
structural	sound_03_a36e7f9a9e	AudioExpansion	ambient/trx/spooks_below/creaks/sound_03	2.7	91.6
structural	sound_04_6bb7e8c109	AudioExpansion	ambient/trx/spooks_below/creaks/sound_04	3.5	117.6
structural	sound_05_f80616cd01	AudioExpansion	ambient/trx/spooks_below/creaks/sound_05	3.7	123.5
structural	sound_06_b84094e113	AudioExpansion	ambient/trx/spooks_below/creaks/sound_06	2.9	95.9
structural	sound_07_90c5de849e	AudioExpansion	ambient/trx/spooks_below/creaks/sound_07	3.2	106.4
structural	sound_08_b2007bfbb5	AudioExpansion	ambient/trx/spooks_below/creaks/sound_08	3.6	119.3
structural	sound_09_f5e774d586	AudioExpansion	ambient/trx/spooks_below/creaks/sound_09	2.7	90.2
structural	sound_10_94502fedfc	AudioExpansion	ambient/trx/spooks_below/creaks/sound_10	2.8	91.7
structural	sound_11_7bef73e13d	AudioExpansion	ambient/trx/spooks_below/creaks/sound_11	2.9	96.1
structural	sound_22_a2fcc1bf5d	AudioExpansion	ambient/trx/spooks_below/creaks/sound_22	3.2	105.7
structural	sound_23_2cabf71bb0	AudioExpansion	ambient/trx/spooks_below/creaks/sound_23	3.4	112.5
structural	sound_24_7d5653b61d	AudioExpansion	ambient/trx/spooks_below/creaks/sound_24	2.6	88.3
structural	sound_25_ac3343bba8	AudioExpansion	ambient/trx/spooks_below/creaks/sound_25	2.4	79.8
structural	sound_26_76c6b02555	AudioExpansion	ambient/trx/spooks_below/creaks/sound_26	3.7	122.6
structural	sound_27_e7734953b2	AudioExpansion	ambient/trx/spooks_below/creaks/sound_27	3.5	116.4
structural	sound_28_1047edc33d	AudioExpansion	ambient/trx/spooks_below/creaks/sound_28	3.7	122.5
structural	sound_29_ac7f50939b	AudioExpansion	ambient/trx/spooks_below/creaks/sound_29	2.6	88.0
structural	sound_30_af7030dcb5	AudioExpansion	ambient/trx/spooks_below/creaks/sound_30	3.4	112.7
structural	iron_moaning1_76eaebdbd8	DeadAir	ambient/iron_moaning1	3.6	119.4
structural	drone_1_fb239f3a16	DeadAir	ambient/lar_ambients/lar_indoor/drone_1	2.4	81.3
structural	drone_10_a29f2e9d7c	DeadAir	ambient/lar_ambients/lar_indoor/drone_10	3.2	100.0
structural	drone_11_52c1a259b7	DeadAir	ambient/lar_ambients/lar_indoor/drone_11	2.3	77.4
structural	drone_12_bb0e4b573e	DeadAir	ambient/lar_ambients/lar_indoor/drone_12	2.3	75.6
structural	drone_2_98d40635f3	DeadAir	ambient/lar_ambients/lar_indoor/drone_2	2.6	87.6
structural	drone_3_85b19ab88f	DeadAir	ambient/lar_ambients/lar_indoor/drone_3	2.3	78.3
structural	drone_4_a1b327f14e	DeadAir	ambient/lar_ambients/lar_indoor/drone_4	3.2	100.0
structural	drone_5_4871359698	DeadAir	ambient/lar_ambients/lar_indoor/drone_5	3.6	100.0
structural	drone_6_043480331d	DeadAir	ambient/lar_ambients/lar_indoor/drone_6	3.7	100.0
structural	drone_7_fda60e2797	DeadAir	ambient/lar_ambients/lar_indoor/drone_7	3.2	100.0
structural	drone_8_3b6631b9aa	DeadAir	ambient/lar_ambients/lar_indoor/drone_8	3.1	100.0
structural	drone_9_a30e85e35d	DeadAir	ambient/lar_ambients/lar_indoor/drone_9	2.8	93.6
structural	eat_1_f07d0ee904	DeadAir	ambient/lar_ambients/lar_indoor/eat_1	3.2	100.0
structural	eat_2_5d24e8e503	DeadAir	ambient/lar_ambients/lar_indoor/eat_2	2.7	90.4
structural	eat_3_c7bd5ce92a	DeadAir	ambient/lar_ambients/lar_indoor/eat_3	2.5	83.1
structural	eat_4_d238c10b1c	DeadAir	ambient/lar_ambients/lar_indoor/eat_4	2.8	94.5
structural	eat_5_199088d31d	DeadAir	ambient/lar_ambients/lar_indoor/eat_5	3.0	100.0
structural	eat_6_8434af7576	DeadAir	ambient/lar_ambients/lar_indoor/eat_6	3.3	100.0
structural	eat_7_38d98b5dc8	DeadAir	ambient/lar_ambients/lar_indoor/eat_7	2.8	93.1
structural	hit_1_e18ad27a2d	DeadAir	ambient/lar_ambients/lar_indoor/hit_1	3.6	100.0
structural	hit_10_acb221ba12	DeadAir	ambient/lar_ambients/lar_indoor/hit_10	3.7	100.0
structural	hit_11_2bc6fd381c	DeadAir	ambient/lar_ambients/lar_indoor/hit_11	3.5	100.0
structural	hit_12_49990e4dff	DeadAir	ambient/lar_ambients/lar_indoor/hit_12	2.5	83.3
structural	hit_2_9dbb9c24f5	DeadAir	ambient/lar_ambients/lar_indoor/hit_2	2.6	88.3
structural	hit_3_b3e8bd5587	DeadAir	ambient/lar_ambients/lar_indoor/hit_3	2.8	94.2
structural	hit_4_0620a6dd64	DeadAir	ambient/lar_ambients/lar_indoor/hit_4	3.0	100.0
structural	hit_5_3915406b09	DeadAir	ambient/lar_ambients/lar_indoor/hit_5	2.7	89.4
structural	hit_6_531005849a	DeadAir	ambient/lar_ambients/lar_indoor/hit_6	3.6	100.0
structural	hit_7_1835bb6aaf	DeadAir	ambient/lar_ambients/lar_indoor/hit_7	2.9	98.0
structural	hit_8_85ef24cd5b	DeadAir	ambient/lar_ambients/lar_indoor/hit_8	3.6	100.0
structural	hit_9_75b44e8ff8	DeadAir	ambient/lar_ambients/lar_indoor/hit_9	2.7	90.4
structural	monster_1_e852accdd7	DeadAir	ambient/lar_ambients/lar_indoor/monster_1	3.0	99.3
structural	monster_10_33cd4cdcdc	DeadAir	ambient/lar_ambients/lar_indoor/monster_10	3.5	100.0
structural	monster_11_16c8c68a01	DeadAir	ambient/lar_ambients/lar_indoor/monster_11	2.5	82.4
structural	monster_12_ac3fdb2246	DeadAir	ambient/lar_ambients/lar_indoor/monster_12	2.5	83.5
structural	monster_2_89488c63e1	DeadAir	ambient/lar_ambients/lar_indoor/monster_2	2.3	78.2
structural	monster_3_65613c7b8c	DeadAir	ambient/lar_ambients/lar_indoor/monster_3	3.0	99.8
structural	monster_4_11f7541d70	DeadAir	ambient/lar_ambients/lar_indoor/monster_4	2.9	98.1
structural	monster_5_931b79af94	DeadAir	ambient/lar_ambients/lar_indoor/monster_5	3.3	100.0
structural	monster_6_70773efc2f	DeadAir	ambient/lar_ambients/lar_indoor/monster_6	2.4	81.6
structural	monster_7_29b69cef7f	DeadAir	ambient/lar_ambients/lar_indoor/monster_7	2.3	76.6
structural	monster_8_6f5715045b	DeadAir	ambient/lar_ambients/lar_indoor/monster_8	3.6	100.0
structural	monster_9_be3ebf1864	DeadAir	ambient/lar_ambients/lar_indoor/monster_9	3.7	100.0
structural	obscurity_1_de8e31b989	DeadAir	ambient/lar_ambients/lar_indoor/obscurity_1	3.5	100.0
structural	obscurity_2_2fec769d32	DeadAir	ambient/lar_ambients/lar_indoor/obscurity_2	3.6	100.0
structural	obscurity_3_25efe38263	DeadAir	ambient/lar_ambients/lar_indoor/obscurity_3	2.5	82.2
structural	obscurity_4_798a05b337	DeadAir	ambient/lar_ambients/lar_indoor/obscurity_4	2.8	93.7
structural	metal_noise_1_bde635c4d5	DeadAir	ambient/metal_noise_1	2.7	90.8
structural	metal_noise_2_e6808d8680	DeadAir	ambient/metal_noise_2	3.4	100.0
structural	creak_wood_1_371f86cbca	DeadAir	ambient/special/creak_wood_1	2.7	90.3
structural	creak_wood_2_bbe72bcbb1	DeadAir	ambient/special/creak_wood_2	2.8	91.7
structural	creak_wood_3_3931e8b279	DeadAir	ambient/special/creak_wood_3	2.4	81.0
structural	creak_wood_4_9747d21ba8	DeadAir	ambient/special/creak_wood_4	3.7	123.9
structural	airtight_gates_idle_f1bc0e86eb	DeadAir	device/airtight_gates_idle	3.1	103.5
structural	airtight_gates_start_29ba76db0f	DeadAir	device/airtight_gates_start	3.6	120.1
structural	airtight_gates_stop_b1497d6660	DeadAir	device/airtight_gates_stop	2.3	75.4
structural	door_locked_629c698006	DeadAir	device/door_locked	3.0	40.0
structural	door_servomotor_d9613e873b	DeadAir	device/door_servomotor	3.2	50.0
structural	door_start_f83e144bec	DeadAir	device/door_start	3.0	50.0
structural	metal_small_open_532bc949c9	DeadAir	device/metal_small_open	2.6	50.0
structural	door_closing_4906445f8c	OGSE	device/door_closing	3.5	50.0
structural	door_locked_8c691e96c5	OGSE	device/door_locked	3.1	50.0
structural	door_servomotor_85f5920302	OGSE	device/door_servomotor	3.6	50.0
structural	metal_noise_1_b5d18530cc	Prosector	ambient/metal_noise_1	2.7	88.5
structural	metal_noise_2_988ac65aa4	Prosector	ambient/metal_noise_2	2.7	90.7
structural	metal_small_close_start_1aaad7264b	Prosector	device/metal_small_close_start	2.3	50.0
structural	metal_small_close_stop_4c88fc2a3c	Prosector	device/metal_small_close_stop	3.5	50.0
structural	metal_small_open_4750c31f98	Prosector	device/metal_small_open	2.3	50.0
structural	door_closing_e75361b7a3	Solyanka	device/door_closing	2.3	40.0
structural	door_horror_a7d02cd6d3	Solyanka	device/door_horror	3.4	50.0
structural	door_servomotor_e4a22e72f7	Solyanka	device/door_servomotor	3.0	40.0
structural	door_start_07953fdd91	Solyanka	device/door_start	3.6	40.0
structural	door_stop_ea632d7ec2	Solyanka	device/door_stop	3.6	40.0
structural	metal_small_open_3189e30549	NLC	device/metal_small_open	2.6	20.0
structural	door_closing_ef4b70ae28	SoP	device/door/door_closing	2.8	92.6
structural	door_locked_e330688d8f	SoP	device/door/door_locked	2.7	90.8
structural	door_servomotor_f0054948e6	SoP	device/door/door_servomotor	2.8	94.9
structural	door_start_a31de54395	SoP	device/door/door_start	3.2	108.1
structural	door_stop_5113ed72fa	SoP	device/door/door_stop	3.3	109.6
structural	slam1_e77a23bef3	ShrikeInterior	slam/slam1	2.7	91.3
structural	slam11_53dc1c39f2	ShrikeInterior	slam/slam11	3.0	100.0
structural	slam12_89cfa61e4d	ShrikeInterior	slam/slam12	3.7	100.0
structural	slam2_3dc03e8304	ShrikeInterior	slam/slam2	2.5	83.9
structural	slam3_82eb0f1730	ShrikeInterior	slam/slam3	2.9	97.4
structural	slam4_4b580340ee	ShrikeInterior	slam/slam4	2.4	81.1
structural	slam5_3cb9ccd2cb	ShrikeInterior	slam/slam5	3.2	100.0
structural	slam6_9311e54d2f	ShrikeInterior	slam/slam6	2.8	92.2
structural	wind_random71_d64889ff1f	ShrikeInterior	wind_random/stereo/wind_random71	3.7	100.0
structural	wind_random71_1e3e5ab349	ShrikeInterior	wind_random/wind_random71	3.3	10.0
structural	slam8_df18a1c369	ShrikeInterior	slam/slam8	3.5	100.0
structural	slam9_f8a8a38a75	ShrikeInterior	slam/slam9	2.7	91.4
structural	wind_interior1_1d4e4cb33d	ShrikeInterior	wind_interior/stereo/wind_interior1	3.7	122.2
structural	wind_interior1_d0a72c752f	ShrikeInterior	wind_interior/wind_interior1	3.1	10.0
structural	wind_interior10_14d32ffd7d	ShrikeInterior	wind_interior/stereo/wind_interior10	2.7	90.5
structural	wind_interior11_9e45baaf81	ShrikeInterior	wind_interior/stereo/wind_interior11	3.2	107.7
structural	wind_interior12_ec4c7dcf02	ShrikeInterior	wind_interior/stereo/wind_interior12	2.3	75.6
structural	wind_interior12_9a240bcfb5	ShrikeInterior	wind_interior/wind_interior12	3.7	10.0
structural	wind_interior13_14329738ee	ShrikeInterior	wind_interior/stereo/wind_interior13	3.5	118.1
structural	wind_interior13_ba0e5716f8	ShrikeInterior	wind_interior/wind_interior13	3.7	10.0
structural	wind_interior14_ab65a0bc02	ShrikeInterior	wind_interior/stereo/wind_interior14	2.8	94.3
structural	wind_interior14_b177df5122	ShrikeInterior	wind_interior/wind_interior14	2.7	10.0
structural	wind_interior15_a004aace36	ShrikeInterior	wind_interior/stereo/wind_interior15	2.3	77.3
structural	wind_interior15_bd4ba3f63a	ShrikeInterior	wind_interior/wind_interior15	3.2	10.0
structural	wind_interior16_907bedd817	ShrikeInterior	wind_interior/stereo/wind_interior16	2.8	94.8
structural	wind_interior16_8b95fdf190	ShrikeInterior	wind_interior/wind_interior16	2.6	10.0
structural	wind_interior17_5d758061af	ShrikeInterior	wind_interior/stereo/wind_interior17	3.7	124.7
structural	wind_interior17_add0915f16	ShrikeInterior	wind_interior/wind_interior17	3.1	10.0
structural	wind_interior18_f3d90e2236	ShrikeInterior	wind_interior/stereo/wind_interior18	2.9	96.4
structural	wind_interior18_63830fb86f	ShrikeInterior	wind_interior/wind_interior18	2.7	10.0
structural	wind_interior19_963af78882	ShrikeInterior	wind_interior/stereo/wind_interior19	2.9	97.2
structural	wind_interior19_a7c09cede2	ShrikeInterior	wind_interior/wind_interior19	3.2	10.0
structural	wind_interior2_3ecb596f46	ShrikeInterior	wind_interior/stereo/wind_interior2	3.0	100.1
structural	wind_interior20_958fd148fe	ShrikeInterior	wind_interior/stereo/wind_interior20	3.1	103.0
structural	wind_interior20_1777bf3ba2	ShrikeInterior	wind_interior/wind_interior20	3.4	10.0
structural	wind_interior21_3a3f81fb45	ShrikeInterior	wind_interior/stereo/wind_interior21	3.0	99.0
structural	wind_interior21_e837640232	ShrikeInterior	wind_interior/wind_interior21	3.4	10.0
structural	wind_interior3_86d3955bf6	ShrikeInterior	wind_interior/stereo/wind_interior3	2.5	82.9
structural	wind_interior4_13f384b0ec	ShrikeInterior	wind_interior/stereo/wind_interior4	2.7	88.5
structural	wind_interior4_bf688e7de6	ShrikeInterior	wind_interior/wind_interior4	3.7	10.0
structural	wind_interior5_d29de36fd5	ShrikeInterior	wind_interior/stereo/wind_interior5	3.6	120.1
structural	wind_interior5_9c6f414be0	ShrikeInterior	wind_interior/wind_interior5	3.1	10.0
structural	wind_interior6_06c391e048	ShrikeInterior	wind_interior/stereo/wind_interior6	3.2	107.8
structural	wind_interior6_738c0effa6	ShrikeInterior	wind_interior/wind_interior6	2.6	10.0
structural	wind_interior7_04c32bc908	ShrikeInterior	wind_interior/stereo/wind_interior7	3.1	101.7
structural	wind_interior7_2a881df1e0	ShrikeInterior	wind_interior/wind_interior7	2.5	10.0
structural	wind_interior8_34aea60e55	ShrikeInterior	wind_interior/stereo/wind_interior8	2.9	95.5
structural	wind_interior9_d45b542478	ShrikeInterior	wind_interior/stereo/wind_interior9	2.8	94.9
structural	wind_random1_3f6f6defbf	ShrikeInterior	wind_random/stereo/wind_random1	3.7	10.0
structural	wind_random1_d5c0466bd8	ShrikeInterior	wind_random/wind_random1	3.2	10.0
structural	wind_random10_0d08634cc1	ShrikeInterior	wind_random/stereo/wind_random10	3.3	100.0
structural	wind_random10_e32c3c8881	ShrikeInterior	wind_random/wind_random10	3.7	10.0
structural	wind_random11_36369c51dd	ShrikeInterior	wind_random/stereo/wind_random11	2.8	91.8
structural	wind_random11_0d0e639840	ShrikeInterior	wind_random/wind_random11	2.9	10.0
structural	wind_random12_e25fefb424	ShrikeInterior	wind_random/stereo/wind_random12	3.0	100.0
structural	wind_random12_d339c2d07f	ShrikeInterior	wind_random/wind_random12	2.4	10.0
structural	wind_random13_cda9907782	ShrikeInterior	wind_random/stereo/wind_random13	2.7	90.0
structural	wind_random14_7666486765	ShrikeInterior	wind_random/stereo/wind_random14	2.9	95.6
structural	wind_random14_0ad36ec27c	ShrikeInterior	wind_random/wind_random14	3.4	10.0
structural	wind_random15_e54becb631	ShrikeInterior	wind_random/stereo/wind_random15	2.8	91.8
structural	wind_random15_29fa1952cb	ShrikeInterior	wind_random/wind_random15	2.9	10.0
structural	wind_random16_de1e4c3300	ShrikeInterior	wind_random/stereo/wind_random16	2.4	80.3
structural	wind_random16_2d190cddb5	ShrikeInterior	wind_random/wind_random16	3.5	10.0
structural	wind_random17_78c07b54dc	ShrikeInterior	wind_random/stereo/wind_random17	2.3	75.3
structural	wind_random17_58b7832d86	ShrikeInterior	wind_random/wind_random17	2.4	10.0
structural	wind_random18_0fef0c2c20	ShrikeInterior	wind_random/stereo/wind_random18	3.4	100.0
structural	wind_random18_6ed22bc961	ShrikeInterior	wind_random/wind_random18	3.5	10.0
structural	wind_random19_bae4044a8e	ShrikeInterior	wind_random/stereo/wind_random19	2.3	76.5
structural	wind_random19_3b1f3304ae	ShrikeInterior	wind_random/wind_random19	3.6	10.0
structural	wind_random2_3008709cf6	ShrikeInterior	wind_random/stereo/wind_random2	2.8	94.9
structural	wind_random20_9c6bee3898	ShrikeInterior	wind_random/stereo/wind_random20	3.5	100.0
structural	wind_random21_141f79b4a8	ShrikeInterior	wind_random/stereo/wind_random21	3.3	100.0
structural	wind_random21_16711e2691	ShrikeInterior	wind_random/wind_random21	3.0	10.0
structural	wind_random22_255d3444ef	ShrikeInterior	wind_random/stereo/wind_random22	3.5	100.0
structural	wind_random22_6d4b98421d	ShrikeInterior	wind_random/wind_random22	3.0	10.0
structural	wind_random23_c9c94724c6	ShrikeInterior	wind_random/stereo/wind_random23	2.4	79.3
structural	wind_random23_dd6c5cf86d	ShrikeInterior	wind_random/wind_random23	3.1	10.0
structural	wind_random24_04f173f6c4	ShrikeInterior	wind_random/stereo/wind_random24	2.6	87.9
structural	wind_random24_07fd766aa8	ShrikeInterior	wind_random/wind_random24	3.4	10.0
structural	wind_random25_886f726abb	ShrikeInterior	wind_random/stereo/wind_random25	2.9	97.3
structural	wind_random25_820c0319c0	ShrikeInterior	wind_random/wind_random25	3.7	10.0
structural	wind_random26_7581110cdc	ShrikeInterior	wind_random/stereo/wind_random26	2.6	86.3
structural	wind_random26_9802444c2a	ShrikeInterior	wind_random/wind_random26	3.0	10.0
structural	wind_random27_65c4f8cfd4	ShrikeInterior	wind_random/mono/wind_random27	2.3	78.3
structural	wind_random27_384ad55e25	ShrikeInterior	wind_random/stereo/wind_random27	3.3	100.0
structural	wind_random27_869e5d281d	ShrikeInterior	wind_random/wind_random27	2.8	10.0
structural	wind_random28_53724c8156	ShrikeInterior	wind_random/stereo/wind_random28	3.4	100.0
structural	wind_random28_727d5bf71a	ShrikeInterior	wind_random/wind_random28	2.3	10.0
structural	wind_random29_700beed14c	ShrikeInterior	wind_random/mono/wind_random29	2.5	83.6
structural	wind_random3_4479a968ed	ShrikeInterior	wind_random/stereo/wind_random3	2.3	75.3
structural	wind_random3_d923559016	ShrikeInterior	wind_random/wind_random3	3.1	10.0
structural	wind_random30_c3df886687	ShrikeInterior	wind_random/mono/wind_random30	3.5	100.0
structural	wind_random31_03ae732201	ShrikeInterior	wind_random/mono/wind_random31	3.0	100.0
structural	wind_random32_b7a50f0120	ShrikeInterior	wind_random/mono/wind_random32	2.7	90.1
structural	wind_random33_491e8a66ea	ShrikeInterior	wind_random/stereo/wind_random33	2.6	85.7
structural	wind_random33_e73f01d887	ShrikeInterior	wind_random/wind_random33	2.7	10.0
structural	wind_random34_761ff61dca	ShrikeInterior	wind_random/stereo/wind_random34	2.7	89.5
structural	wind_random34_da27f9e36c	ShrikeInterior	wind_random/wind_random34	3.4	10.0
structural	wind_random35_e013c37754	ShrikeInterior	wind_random/stereo/wind_random35	3.7	100.0
structural	wind_random35_da38e70f8e	ShrikeInterior	wind_random/wind_random35	2.6	10.0
structural	wind_random36_792990a68f	ShrikeInterior	wind_random/stereo/wind_random36	2.4	80.1
structural	wind_random36_edbfcaddbc	ShrikeInterior	wind_random/wind_random36	2.3	10.0
structural	wind_random37_7d2604eed6	ShrikeInterior	wind_random/mono/wind_random37	2.6	87.6
structural	wind_random37_17ab37dffb	ShrikeInterior	wind_random/stereo/wind_random37	3.5	100.0
structural	wind_random37_1f2c6b0f1c	ShrikeInterior	wind_random/wind_random37	3.4	10.0
structural	wind_random38_a9c7e911e9	ShrikeInterior	wind_random/mono/wind_random38	3.7	100.0
structural	wind_random38_e97df2c33a	ShrikeInterior	wind_random/stereo/wind_random38	3.0	100.0
structural	wind_random38_7ba8425fbb	ShrikeInterior	wind_random/wind_random38	2.9	10.0
structural	wind_random39_a204fb4a02	ShrikeInterior	wind_random/stereo/wind_random39	3.6	100.0
structural	wind_random39_5907d9c9ff	ShrikeInterior	wind_random/wind_random39	3.5	10.0
structural	wind_random4_34befd9c9f	ShrikeInterior	wind_random/stereo/wind_random4	3.3	100.0
structural	wind_random40_4b146e8632	ShrikeInterior	wind_random/stereo/wind_random40	2.8	93.7
structural	wind_random40_73049138bf	ShrikeInterior	wind_random/wind_random40	3.3	10.0
structural	wind_random41_9dc209e619	ShrikeInterior	wind_random/mono/wind_random41	3.3	100.0
structural	wind_random42_7c7e7724b1	ShrikeInterior	wind_random/mono/wind_random42	3.3	100.0
structural	wind_random43_1686fa237a	ShrikeInterior	wind_random/mono/wind_random43	3.7	100.0
structural	wind_random44_f395e5f62c	ShrikeInterior	wind_random/mono/wind_random44	3.4	100.0
structural	wind_random45_31093846e1	ShrikeInterior	wind_random/stereo/wind_random45	3.4	100.0
structural	wind_random46_1f2f6567d2	ShrikeInterior	wind_random/mono/wind_random46	3.3	100.0
structural	wind_random46_76c0567316	ShrikeInterior	wind_random/stereo/wind_random46	2.3	78.2
structural	wind_random46_9b8185f045	ShrikeInterior	wind_random/wind_random46	2.5	10.0
structural	wind_random47_91f396d983	ShrikeInterior	wind_random/stereo/wind_random47	3.2	100.0
structural	wind_random47_fbc72af1da	ShrikeInterior	wind_random/wind_random47	3.1	10.0
structural	wind_random48_8fa0a33d5a	ShrikeInterior	wind_random/mono/wind_random48	2.7	90.9
structural	wind_random49_fc7fbc23b9	ShrikeInterior	wind_random/mono/wind_random49	3.5	100.0
structural	wind_random5_afe4f9d9c0	ShrikeInterior	wind_random/stereo/wind_random5	3.7	100.0
structural	wind_random5_793aebba1a	ShrikeInterior	wind_random/wind_random5	2.7	10.0
structural	wind_random50_781341b99a	ShrikeInterior	wind_random/stereo/wind_random50	2.4	80.7
structural	wind_random50_7487ddfe41	ShrikeInterior	wind_random/wind_random50	3.4	10.0
structural	wind_random51_875d43bba5	ShrikeInterior	wind_random/mono/wind_random51	2.9	97.2
structural	wind_random52_4ec4c7a1f3	ShrikeInterior	wind_random/mono/wind_random52	3.0	100.0
structural	wind_random53_43325766a3	ShrikeInterior	wind_random/mono/wind_random53	3.6	100.0
structural	wind_random54_8e4df64941	ShrikeInterior	wind_random/mono/wind_random54	2.3	76.7
structural	wind_random55_e0d35cda0e	ShrikeInterior	wind_random/mono/wind_random55	2.7	90.9
structural	wind_random56_425b0898d6	ShrikeInterior	wind_random/mono/wind_random56	3.7	100.0
structural	wind_random57_c805904d89	ShrikeInterior	wind_random/stereo/wind_random57	3.2	100.0
structural	wind_random57_9236235488	ShrikeInterior	wind_random/wind_random57	2.3	10.0
structural	wind_random58_0b1d1d6951	ShrikeInterior	wind_random/mono/wind_random58	2.8	92.2
structural	wind_random59_5312abe0bc	ShrikeInterior	wind_random/mono/wind_random59	3.7	100.0
structural	wind_random6_4347b53fab	ShrikeInterior	wind_random/stereo/wind_random6	2.7	89.9
structural	wind_random6_d1d6f395bb	ShrikeInterior	wind_random/wind_random6	3.2	10.0
structural	wind_random60_dd7ba97e3e	ShrikeInterior	wind_random/mono/wind_random60	3.7	100.0
structural	wind_random61_6bdd80a58b	ShrikeInterior	wind_random/mono/wind_random61	2.9	97.5
structural	wind_random62_f7f6039286	ShrikeInterior	wind_random/stereo/wind_random62	3.6	100.0
structural	wind_random63_9d061db4bd	ShrikeInterior	wind_random/stereo/wind_random63	2.8	93.6
structural	wind_random64_f3f3ee9564	ShrikeInterior	wind_random/stereo/wind_random64	3.7	100.0
structural	wind_random65_a2da7597a4	ShrikeInterior	wind_random/stereo/wind_random65	3.4	100.0
structural	wind_random66_f2d3bb18e3	ShrikeInterior	wind_random/mono/wind_random66	2.9	96.2
structural	wind_random66_bacd583960	ShrikeInterior	wind_random/stereo/wind_random66	3.6	100.0
structural	wind_random67_14e206f6c1	ShrikeInterior	wind_random/stereo/wind_random67	2.5	82.7
structural	wind_random67_c70fa29923	ShrikeInterior	wind_random/wind_random67	3.3	15.0
structural	wind_random68_592329bf3a	ShrikeInterior	wind_random/stereo/wind_random68	3.1	100.0
structural	wind_random69_899150c2df	ShrikeInterior	wind_random/stereo/wind_random69	2.8	93.9
structural	wind_random7_cebf51ad2c	ShrikeInterior	wind_random/stereo/wind_random7	2.3	76.2
structural	wind_random70_00b64a0f1e	ShrikeInterior	wind_random/stereo/wind_random70	3.0	99.9
structural	wind_random72_b6fb016288	ShrikeInterior	wind_random/stereo/wind_random72	3.2	100.0
structural	wind_random73_3ac49f30a2	ShrikeInterior	wind_random/stereo/wind_random73	2.8	93.3
structural	wind_random74_f798ebb421	ShrikeInterior	wind_random/stereo/wind_random74	3.4	100.0
structural	wind_random75_ed30bdf1c1	ShrikeInterior	wind_random/stereo/wind_random75	3.2	100.0
structural	wind_random8_fe35c3a228	ShrikeInterior	wind_random/stereo/wind_random8	3.3	100.0
structural	wind_random8_4b84bcb01d	ShrikeInterior	wind_random/wind_random8	3.0	10.0
structural	wind_random9_7b4292358b	ShrikeInterior	wind_random/stereo/wind_random9	3.5	100.0
structural	wind_random9_2f22a1018d	ShrikeInterior	wind_random/wind_random9	3.7	10.0
structural	wind_random29_2d82e3d554	ShrikeInterior	wind_random/stereo/wind_random29	3.7	100.0
structural	wind_random30_e470cef798	ShrikeInterior	wind_random/stereo/wind_random30	3.1	100.0
structural	wind_random31_307f24a76e	ShrikeInterior	wind_random/stereo/wind_random31	2.8	92.8
structural	wind_random32_90e52cf81c	ShrikeInterior	wind_random/stereo/wind_random32	2.4	80.3
structural	wind_random41_51ac0299a3	ShrikeInterior	wind_random/stereo/wind_random41	3.1	100.0
structural	wind_random42_49612950bb	ShrikeInterior	wind_random/stereo/wind_random42	2.6	87.5
structural	wind_random43_da2528569f	ShrikeInterior	wind_random/stereo/wind_random43	2.7	88.8
structural	wind_random44_91cd8a9462	ShrikeInterior	wind_random/stereo/wind_random44	3.5	100.0
structural	wind_random48_301a5357e1	ShrikeInterior	wind_random/stereo/wind_random48	3.7	100.0
structural	wind_random49_8a6d21e3c2	ShrikeInterior	wind_random/stereo/wind_random49	3.7	100.0
structural	wind_random51_0f7208c794	ShrikeInterior	wind_random/stereo/wind_random51	3.4	100.0
structural	wind_random52_e9ac082ea8	ShrikeInterior	wind_random/stereo/wind_random52	3.3	100.0
structural	wind_random53_684f529386	ShrikeInterior	wind_random/stereo/wind_random53	2.5	81.8
structural	wind_random54_84043a62c8	ShrikeInterior	wind_random/stereo/wind_random54	2.4	79.8
structural	wind_random55_a63e746fbb	ShrikeInterior	wind_random/stereo/wind_random55	3.5	100.0
structural	wind_random56_767669b4d9	ShrikeInterior	wind_random/stereo/wind_random56	2.6	86.8
structural	wind_random58_6f1bce914c	ShrikeInterior	wind_random/stereo/wind_random58	3.5	100.0
structural	wind_random59_da2a7351af	ShrikeInterior	wind_random/stereo/wind_random59	2.9	96.0
structural	wind_random60_a0ccbbc6c3	ShrikeInterior	wind_random/stereo/wind_random60	3.3	100.0
structural	wind_random61_c0deeb9409	ShrikeInterior	wind_random/stereo/wind_random61	2.4	80.3
structural	wind_random29_7d37a751e4	ShrikeInterior	wind_random/wind_random29	3.1	10.0
structural	wind_random30_9b21456f8d	ShrikeInterior	wind_random/wind_random30	2.8	10.0
structural	wind_random31_1a5ce582b5	ShrikeInterior	wind_random/wind_random31	3.5	10.0
structural	wind_random32_71f7311822	ShrikeInterior	wind_random/wind_random32	3.2	10.0
structural	wind_random41_5449789872	ShrikeInterior	wind_random/wind_random41	3.6	10.0
structural	wind_random42_7348dc0d29	ShrikeInterior	wind_random/wind_random42	3.5	10.0
structural	wind_random43_a41c02bf94	ShrikeInterior	wind_random/wind_random43	3.1	10.0
structural	wind_random44_a57a74f0d1	ShrikeInterior	wind_random/wind_random44	3.6	10.0
structural	wind_random48_497f131480	ShrikeInterior	wind_random/wind_random48	2.8	10.0
structural	wind_random49_23978a0654	ShrikeInterior	wind_random/wind_random49	2.5	10.0
structural	wind_random51_50581ee345	ShrikeInterior	wind_random/wind_random51	2.4	10.0
structural	wind_random52_f6db5b917a	ShrikeInterior	wind_random/wind_random52	3.3	10.0
structural	wind_random53_26c1ba13c4	ShrikeInterior	wind_random/wind_random53	2.7	10.0
structural	wind_random54_dca3feb931	ShrikeInterior	wind_random/wind_random54	2.6	10.0
structural	wind_random55_db612c9ee9	ShrikeInterior	wind_random/wind_random55	2.7	10.0
structural	wind_random56_2e1aca5903	ShrikeInterior	wind_random/wind_random56	3.4	10.0
structural	wind_random58_b09459dd14	ShrikeInterior	wind_random/wind_random58	2.9	15.0
structural	wind_random59_dcad8af11d	ShrikeInterior	wind_random/wind_random59	2.5	15.0
structural	wind_random60_7692ca63b6	ShrikeInterior	wind_random/wind_random60	2.5	15.0
structural	wind_random61_54dbd5cf71	ShrikeInterior	wind_random/wind_random61	3.5	15.0
structural	wind_random66_fe8a617076	ShrikeInterior	wind_random/wind_random66	3.4	10.0
structural	wind_random72_3a6c4ab1b2	ShrikeInterior	wind_random/wind_random72	3.7	10.0
structural	wind_random73_f252c88a1b	ShrikeInterior	wind_random/wind_random73	2.6	10.0
structural	wind_random76_19c17cf07a	ShrikeInterior	wind_random/wind_random76	3.1	100.0
structural	wind_random77_37c498ec74	ShrikeInterior	wind_random/wind_random77	3.3	100.0
structural	wind_strong1_90b0faa207	ShrikeInterior	wind_strong/wind_strong1	2.5	83.7
structural	wind_strong10_7e78953be4	ShrikeInterior	wind_strong/wind_strong10	2.9	98.1
structural	wind_strong11_c23c2e897d	ShrikeInterior	wind_strong/wind_strong11	3.6	100.0
structural	wind_strong12_4dfb9b4ae1	ShrikeInterior	wind_strong/wind_strong12	3.6	100.0
structural	wind_strong2_d8122f6d9f	ShrikeInterior	wind_strong/wind_strong2	3.0	99.8
structural	wind_strong3_0d66a61557	ShrikeInterior	wind_strong/wind_strong3	2.5	83.0
structural	wind_strong4_cc7c474618	ShrikeInterior	wind_strong/wind_strong4	2.3	75.4
structural	wind_strong5_c488397fdd	ShrikeInterior	wind_strong/wind_strong5	2.5	84.0
structural	wind_strong6_64a9db14e6	ShrikeInterior	wind_strong/wind_strong6	2.5	84.0
structural	wind_strong7_0d72bc4fca	ShrikeInterior	wind_strong/wind_strong7	2.5	81.9
structural	wind_strong8_8e516599fe	ShrikeInterior	wind_strong/wind_strong8	3.6	100.0
structural	wind_strong9_f4b1022934	ShrikeInterior	wind_strong/wind_strong9	2.3	76.6
urban	sound_1_b2142a11c3	Amplified	ambient/soundscape/Spoops/urban_spoops_night/sound_1	50.9	90.6
urban	sound_10_263578dc38	Amplified	ambient/soundscape/Spoops/urban_spoops_night/sound_10	48.1	85.4
urban	sound_12_37e35d0eb0	Amplified	ambient/soundscape/Spoops/urban_spoops_night/sound_12	54.8	97.4
urban	sound_13_47f93f589a	Amplified	ambient/soundscape/Spoops/urban_spoops_night/sound_13	51.8	92.1
urban	sound_14_7426a32d87	Amplified	ambient/soundscape/Spoops/urban_spoops_night/sound_14	40.1	71.3
urban	sound_15_7102c7ee82	Amplified	ambient/soundscape/Spoops/urban_spoops_night/sound_15	46.7	83.0
urban	sound_16_278c19e769	Amplified	ambient/soundscape/Spoops/urban_spoops_night/sound_16	55.3	98.4
urban	sound_17_f1fec84aa8	Amplified	ambient/soundscape/Spoops/urban_spoops_night/sound_17	35.0	62.2
urban	sound_18_8d20266bc8	Amplified	ambient/soundscape/Spoops/urban_spoops_night/sound_18	53.7	95.5
urban	sound_19_fc072dc3c8	Amplified	ambient/soundscape/Spoops/urban_spoops_night/sound_19	43.8	77.9
urban	sound_2_21087c3627	Amplified	ambient/soundscape/Spoops/urban_spoops_night/sound_2	48.0	85.3
urban	sound_23_7cc53007bf	Amplified	ambient/soundscape/Spoops/urban_spoops_night/sound_23	50.7	90.2
urban	sound_24_06139efe98	Amplified	ambient/soundscape/Spoops/urban_spoops_night/sound_24	36.6	65.0
urban	sound_25_ded8ea9cc0	Amplified	ambient/soundscape/Spoops/urban_spoops_night/sound_25	51.4	91.5
urban	sound_26_540c5c5fd1	Amplified	ambient/soundscape/Spoops/urban_spoops_night/sound_26	45.3	80.6
urban	sound_27_b9f8431ece	Amplified	ambient/soundscape/Spoops/urban_spoops_night/sound_27	55.2	98.1
urban	sound_28_4182c239a0	Amplified	ambient/soundscape/Spoops/urban_spoops_night/sound_28	37.6	66.8
urban	sound_30_ebe3ee2e45	Amplified	ambient/soundscape/Spoops/urban_spoops_night/sound_30	39.9	70.9
urban	sound_31_1e4fa33155	Amplified	ambient/soundscape/Spoops/urban_spoops_night/sound_31	43.7	77.6
urban	sound_32_4c6607eee1	Amplified	ambient/soundscape/Spoops/urban_spoops_night/sound_32	34.4	61.1
urban	sound_33_2177620d5c	Amplified	ambient/soundscape/Spoops/urban_spoops_night/sound_33	52.5	93.4
urban	sound_34_7ed168b378	Amplified	ambient/soundscape/Spoops/urban_spoops_night/sound_34	46.6	82.8
urban	sound_35_2901494246	Amplified	ambient/soundscape/Spoops/urban_spoops_night/sound_35	33.8	60.0
urban	sound_36_655b16afc1	Amplified	ambient/soundscape/Spoops/urban_spoops_night/sound_36	40.2	71.4
urban	sound_37_6ce2fe8552	Amplified	ambient/soundscape/Spoops/urban_spoops_night/sound_37	48.9	87.0
urban	sound_39_27dd13a9e2	Amplified	ambient/soundscape/Spoops/urban_spoops_night/sound_39	53.4	94.8
urban	sound_4_60f203f67a	Amplified	ambient/soundscape/Spoops/urban_spoops_night/sound_4	45.3	80.6
urban	sound_40_222683f47c	Amplified	ambient/soundscape/Spoops/urban_spoops_night/sound_40	51.6	91.7
urban	sound_43_3558acbba8	Amplified	ambient/soundscape/Spoops/urban_spoops_night/sound_43	40.8	72.5
urban	sound_44_5299e3e755	Amplified	ambient/soundscape/Spoops/urban_spoops_night/sound_44	35.6	63.3
urban	sound_45_c8857f8544	Amplified	ambient/soundscape/Spoops/urban_spoops_night/sound_45	40.7	72.4
urban	sound_46_c344a3f8ed	Amplified	ambient/soundscape/Spoops/urban_spoops_night/sound_46	46.4	82.4
urban	sound_47_64252bf9cb	Amplified	ambient/soundscape/Spoops/urban_spoops_night/sound_47	40.6	72.1
urban	sound_48_73504ffd0c	Amplified	ambient/soundscape/Spoops/urban_spoops_night/sound_48	39.0	69.4
urban	sound_5_e0e0909078	Amplified	ambient/soundscape/Spoops/urban_spoops_night/sound_5	41.0	72.8
urban	sound_51_00970b4fb4	Amplified	ambient/soundscape/Spoops/urban_spoops_night/sound_51	45.9	81.7
urban	sound_52_431c4cf2d3	Amplified	ambient/soundscape/Spoops/urban_spoops_night/sound_52	49.2	87.5
urban	sound_53_c2c2a26ae7	Amplified	ambient/soundscape/Spoops/urban_spoops_night/sound_53	33.9	60.4
urban	sound_54_57dc5c2ab7	Amplified	ambient/soundscape/Spoops/urban_spoops_night/sound_54	47.8	84.9
urban	sound_55_654d702212	Amplified	ambient/soundscape/Spoops/urban_spoops_night/sound_55	41.2	73.3
urban	sound_56_54ebdc7bc9	Amplified	ambient/soundscape/Spoops/urban_spoops_night/sound_56	44.6	79.3
urban	sound_58_a050e03347	Amplified	ambient/soundscape/Spoops/urban_spoops_night/sound_58	47.3	84.1
urban	sound_6_748d459c28	Amplified	ambient/soundscape/Spoops/urban_spoops_night/sound_6	55.5	98.6
urban	sound_60_1354cd17d4	Amplified	ambient/soundscape/Spoops/urban_spoops_night/sound_60	48.7	86.6
urban	sound_61_f74af97792	Amplified	ambient/soundscape/Spoops/urban_spoops_night/sound_61	44.7	79.5
urban	sound_63_42b4b2125f	Amplified	ambient/soundscape/Spoops/urban_spoops_night/sound_63	49.2	87.5
urban	sound_64_69c4829c4b	Amplified	ambient/soundscape/Spoops/urban_spoops_night/sound_64	47.2	83.9
urban	sound_65_61e59ce633	Amplified	ambient/soundscape/Spoops/urban_spoops_night/sound_65	45.6	81.1
urban	sound_66_c3920923bb	Amplified	ambient/soundscape/Spoops/urban_spoops_night/sound_66	41.7	74.2
urban	sound_67_5d330b1746	Amplified	ambient/soundscape/Spoops/urban_spoops_night/sound_67	53.6	95.2
urban	sound_7_fff3ed5e2d	Amplified	ambient/soundscape/Spoops/urban_spoops_night/sound_7	43.5	77.3
urban	sound_8_15c811a89e	Amplified	ambient/soundscape/Spoops/urban_spoops_night/sound_8	50.5	89.9
urban	sound_9_6aa9b782c7	Amplified	ambient/soundscape/Spoops/urban_spoops_night/sound_9	54.6	97.1
urban	ambienturban_1_879edc9321	Amplified	ambient/soundscape/urban/ambienturban_1	36.1	64.1
urban	ambienturban_10_bef6a2a490	Amplified	ambient/soundscape/urban/ambienturban_10	44.2	78.7
urban	ambienturban_11_65df1acbec	Amplified	ambient/soundscape/urban/ambienturban_11	36.0	64.0
urban	ambienturban_12_3951c4ce0a	Amplified	ambient/soundscape/urban/ambienturban_12	55.1	98.0
urban	ambienturban_13_4a0a4ca0e6	Amplified	ambient/soundscape/urban/ambienturban_13	37.1	65.9
urban	ambienturban_14_32518a4e3a	Amplified	ambient/soundscape/urban/ambienturban_14	51.8	92.1
urban	ambienturban_15_0d2b7a999b	AudioExpansion	ambient/soundscape/urban/ambienturban_15	46.8	83.2
urban	ambienturban_16_31094e055e	AudioExpansion	ambient/soundscape/urban/ambienturban_16	53.3	94.8
urban	ambienturban_17_227940c265	Amplified	ambient/soundscape/urban/ambienturban_17	37.3	66.4
urban	ambienturban_18_8270beb909	Amplified	ambient/soundscape/urban/ambienturban_18	50.8	90.3
urban	ambienturban_19_a1c9179a6c	Amplified	ambient/soundscape/urban/ambienturban_19	35.4	62.9
urban	ambienturban_2_b3f2cb59ee	Amplified	ambient/soundscape/urban/ambienturban_2	51.5	91.5
urban	ambienturban_20_9408c8d0ed	Amplified	ambient/soundscape/urban/ambienturban_20	54.1	96.2
urban	ambienturban_23_7cf4e1db81	Amplified	ambient/soundscape/urban/ambienturban_23	53.0	94.2
urban	ambienturban_24_d95a5145bc	Amplified	ambient/soundscape/urban/ambienturban_24	37.1	66.0
urban	ambienturban_25_5e4e5d92aa	Amplified	ambient/soundscape/urban/ambienturban_25	44.6	79.2
urban	ambienturban_26_34f564f90f	Amplified	ambient/soundscape/urban/ambienturban_26	40.0	71.1
urban	ambienturban_27_8e132bfc06	Amplified	ambient/soundscape/urban/ambienturban_27	36.4	64.6
urban	ambienturban_28_540cbbc591	Amplified	ambient/soundscape/urban/ambienturban_28	37.2	66.2
urban	ambienturban_29_4aaaf46576	Amplified	ambient/soundscape/urban/ambienturban_29	35.9	63.7
urban	ambienturban_3_3d63083d01	Amplified	ambient/soundscape/urban/ambienturban_3	38.2	67.9
urban	ambienturban_30_5eefa82a86	Amplified	ambient/soundscape/urban/ambienturban_30	47.5	84.5
urban	ambienturban_31_d8bda664e9	Amplified	ambient/soundscape/urban/ambienturban_31	43.0	76.5
urban	ambienturban_32_be41884bcf	Amplified	ambient/soundscape/urban/ambienturban_32	54.1	96.3
urban	ambienturban_33_d5f0e7595d	Amplified	ambient/soundscape/urban/ambienturban_33	42.9	76.3
urban	ambienturban_34_b180144559	Amplified	ambient/soundscape/urban/ambienturban_34	42.1	74.9
urban	ambienturban_35_ae119c1a13	Amplified	ambient/soundscape/urban/ambienturban_35	40.8	72.6
urban	ambienturban_36_f29673e2f8	Amplified	ambient/soundscape/urban/ambienturban_36	45.3	80.5
urban	ambienturban_37_b1509d9622	Amplified	ambient/soundscape/urban/ambienturban_37	36.5	65.0
urban	ambienturban_38_1671989bc2	Amplified	ambient/soundscape/urban/ambienturban_38	38.2	67.8
urban	ambienturban_39_92f91a577e	Amplified	ambient/soundscape/urban/ambienturban_39	46.3	82.2
urban	ambienturban_4_6f0a627a7b	Amplified	ambient/soundscape/urban/ambienturban_4	50.9	90.5
urban	ambienturban_40_0bfa466b03	Amplified	ambient/soundscape/urban/ambienturban_40	52.9	94.1
urban	ambienturban_41_160042bedd	Amplified	ambient/soundscape/urban/ambienturban_41	43.2	76.9
urban	ambienturban_42_df6a8ef443	Amplified	ambient/soundscape/urban/ambienturban_42	42.6	75.8
urban	ambienturban_43_88861ed9b3	Amplified	ambient/soundscape/urban/ambienturban_43	48.6	86.4
urban	ambienturban_44_3259331950	Amplified	ambient/soundscape/urban/ambienturban_44	34.5	61.3
urban	ambienturban_45_94179d02da	Amplified	ambient/soundscape/urban/ambienturban_45	35.9	63.9
urban	ambienturban_46_a820d35fb1	Amplified	ambient/soundscape/urban/ambienturban_46	54.7	97.3
urban	ambienturban_47_11957a9113	Amplified	ambient/soundscape/urban/ambienturban_47	38.5	68.4
urban	ambienturban_48_b8c1f50e41	Amplified	ambient/soundscape/urban/ambienturban_48	49.8	88.5
urban	ambienturban_49_b24190c33b	Amplified	ambient/soundscape/urban/ambienturban_49	55.1	98.0
urban	ambienturban_5_0ca1f3d1a1	Amplified	ambient/soundscape/urban/ambienturban_5	46.1	81.9
urban	ambienturban_50_8d3c599d4c	Amplified	ambient/soundscape/urban/ambienturban_50	36.9	65.5
urban	ambienturban_51_5c76841be3	Amplified	ambient/soundscape/urban/ambienturban_51	52.7	93.6
urban	ambienturban_52_10db08a111	Amplified	ambient/soundscape/urban/ambienturban_52	34.7	61.7
urban	ambienturban_54_6bf1488c43	Amplified	ambient/soundscape/urban/ambienturban_54	36.9	65.6
urban	ambienturban_55_0782c31923	Amplified	ambient/soundscape/urban/ambienturban_55	35.9	63.9
urban	ambienturban_56_1b675991c1	Amplified	ambient/soundscape/urban/ambienturban_56	54.4	96.8
urban	ambienturban_57_65ee7f34aa	Amplified	ambient/soundscape/urban/ambienturban_57	55.7	99.0
urban	ambienturban_58_625dc381b7	Amplified	ambient/soundscape/urban/ambienturban_58	51.1	90.9
urban	ambienturban_59_ea8fb8be95	Amplified	ambient/soundscape/urban/ambienturban_59	43.7	77.8
urban	ambienturban_6_56b8b8aab6	Amplified	ambient/soundscape/urban/ambienturban_6	52.7	93.7
urban	ambienturban_60_54f0e346ef	Amplified	ambient/soundscape/urban/ambienturban_60	51.5	91.6
urban	ambienturban_61_a648032c15	Amplified	ambient/soundscape/urban/ambienturban_61	39.2	69.7
urban	ambienturban_62_2394e3e3a2	Amplified	ambient/soundscape/urban/ambienturban_62	35.2	62.5
urban	ambienturban_63_4c76a497f6	Amplified	ambient/soundscape/urban/ambienturban_63	35.3	62.7
urban	ambienturban_64_9d9177c321	Amplified	ambient/soundscape/urban/ambienturban_64	44.9	79.8
urban	ambienturban_65_2c9043de0e	Amplified	ambient/soundscape/urban/ambienturban_65	49.4	87.8
urban	ambienturban_68_d9dadbb8f8	Amplified	ambient/soundscape/urban/ambienturban_68	53.6	95.3
urban	ambienturban_7_078a5dc06d	Amplified	ambient/soundscape/urban/ambienturban_7	54.0	96.1
urban	ambienturban_76_da7862289a	Amplified	ambient/soundscape/urban/ambienturban_76	53.7	95.5
urban	ambienturban_77_5cf44c19ae	Amplified	ambient/soundscape/urban/ambienturban_77	36.2	64.4
urban	ambienturban_78_1bfa7532ae	Amplified	ambient/soundscape/urban/ambienturban_78	37.9	67.4
urban	ambienturban_79_01062d6b70	Amplified	ambient/soundscape/urban/ambienturban_79	38.2	67.8
urban	ambienturban_8_234bad9cd7	Amplified	ambient/soundscape/urban/ambienturban_8	48.8	86.7
urban	ambienturban_80_ef76020814	Amplified	ambient/soundscape/urban/ambienturban_80	37.8	67.3
urban	ambienturban_81_86e6548639	Amplified	ambient/soundscape/urban/ambienturban_81	42.7	75.9
urban	ambienturban_82_16f74ae049	Amplified	ambient/soundscape/urban/ambienturban_82	52.7	93.7
urban	ambienturban_83_588df0859e	Amplified	ambient/soundscape/urban/ambienturban_83	51.5	91.5
urban	ambienturban_84_30987f4990	Amplified	ambient/soundscape/urban/ambienturban_84	37.6	66.8
urban	ambienturban_85_7adcd7ee19	Amplified	ambient/soundscape/urban/ambienturban_85	56.0	99.6
urban	ambienturban_86_23f8c62bd8	Amplified	ambient/soundscape/urban/ambienturban_86	38.2	67.9
urban	ambienturban_87_2f943a2eeb	Amplified	ambient/soundscape/urban/ambienturban_87	37.6	66.8
urban	ambienturban_88_6f313d2c0c	Amplified	ambient/soundscape/urban/ambienturban_88	38.5	68.5
urban	ambienturban_89_b06893d7ff	Amplified	ambient/soundscape/urban/ambienturban_89	52.0	92.4
urban	ambienturban_9_44d894075a	Amplified	ambient/soundscape/urban/ambienturban_9	49.4	87.8
urban	ambienturban_90_f41dd42c96	Amplified	ambient/soundscape/urban/ambienturban_90	44.1	78.3
urban	ambienturban_1_84d2276f71	RETUNE457	ambient/soundscape/urban/ambienturban_1	55.6	98.9
urban	ambienturban_10_7f04682109	RETUNE457	ambient/soundscape/urban/ambienturban_10	38.5	68.4
urban	ambienturban_11_34addb67ac	RETUNE457	ambient/soundscape/urban/ambienturban_11	43.1	76.5
urban	ambienturban_12_e5a2b6deeb	RETUNE457	ambient/soundscape/urban/ambienturban_12	40.6	72.1
urban	ambienturban_13_45d8d2461f	AudioExpansion	ambient/soundscape/urban/ambienturban_13	41.3	73.4
urban	ambienturban_14_d844b09499	RETUNE457	ambient/soundscape/urban/ambienturban_14	35.8	63.7
urban	ambienturban_14_913fc7deae	AudioExpansion	ambient/soundscape/urban/ambienturban_14	38.1	67.7
urban	ambienturban_17_7de50255ca	RETUNE457	ambient/soundscape/urban/ambienturban_17	52.6	93.5
urban	ambienturban_17_f24edb9154	AudioExpansion	ambient/soundscape/urban/ambienturban_17	41.6	73.9
urban	ambienturban_18_349caf7033	RETUNE457	ambient/soundscape/urban/ambienturban_18	51.8	92.1
urban	ambienturban_18_e40fecf191	AudioExpansion	ambient/soundscape/urban/ambienturban_18	51.8	92.1
urban	ambienturban_19_d228d15301	RETUNE457	ambient/soundscape/urban/ambienturban_19	55.5	98.7
urban	ambienturban_19_c30db63c48	AudioExpansion	ambient/soundscape/urban/ambienturban_19	39.3	70.0
urban	ambienturban_2_22ad71c7e9	RETUNE457	ambient/soundscape/urban/ambienturban_2	54.5	96.8
urban	ambienturban_20_95f6b442c6	AudioExpansion	ambient/soundscape/urban/ambienturban_20	50.6	89.9
urban	ambienturban_21_2b6dcb05dd	RETUNE457	ambient/soundscape/urban/ambienturban_21	54.6	97.0
urban	ambienturban_21_38462274f9	AudioExpansion	ambient/soundscape/urban/ambienturban_21	35.4	62.9
urban	ambienturban_22_b3d6998f87	RETUNE457	ambient/soundscape/urban/ambienturban_22	49.2	87.4
urban	ambienturban_22_993da2e591	AudioExpansion	ambient/soundscape/urban/ambienturban_22	48.3	86.0
urban	ambienturban_23_97a3a1bd4b	RETUNE457	ambient/soundscape/urban/ambienturban_23	42.5	75.5
urban	ambienturban_23_a48ab1feb9	AudioExpansion	ambient/soundscape/urban/ambienturban_23	37.5	66.6
urban	ambienturban_24_5ca01a4608	AudioExpansion	ambient/soundscape/urban/ambienturban_24	47.6	84.6
urban	ambienturban_25_92a1bb0db7	RETUNE457	ambient/soundscape/urban/ambienturban_25	50.4	89.6
urban	ambienturban_26_b663c9b22b	AudioExpansion	ambient/soundscape/urban/ambienturban_26	42.4	75.3
urban	ambienturban_27_3f486521c8	RETUNE457	ambient/soundscape/urban/ambienturban_27	39.2	69.6
urban	ambienturban_27_70d723a82d	AudioExpansion	ambient/soundscape/urban/ambienturban_27	34.9	62.0
urban	ambienturban_3_88b3d1e6a7	RETUNE457	ambient/soundscape/urban/ambienturban_3	53.8	95.6
urban	ambienturban_4_3e49a175ca	RETUNE457	ambient/soundscape/urban/ambienturban_4	54.5	97.0
urban	ambienturban_5_c749853b7d	AudioExpansion	ambient/soundscape/urban/ambienturban_5	49.3	87.6
urban	ambienturban_6_c67dc2a394	RETUNE457	ambient/soundscape/urban/ambienturban_6	44.0	78.2
urban	ambienturban_7_155720f86a	RETUNE457	ambient/soundscape/urban/ambienturban_7	49.1	87.2
urban	ambienturban_7_4b7aaa013d	AudioExpansion	ambient/soundscape/urban/ambienturban_7	50.3	89.5
urban	ambienturban_8_419ec44b07	RETUNE457	ambient/soundscape/urban/ambienturban_8	39.9	71.0
urban	ambienturban_8_0ffb793f41	AudioExpansion	ambient/soundscape/urban/ambienturban_8	49.4	87.8
urban	ambienturban_9_c30fe6c680	RETUNE457	ambient/soundscape/urban/ambienturban_9	46.2	82.1
urban	ambienturban_9_d2faa5f430	AudioExpansion	ambient/soundscape/urban/ambienturban_9	36.8	65.4
urban	ambienturban_1_adb57fcc36	AudioExpansion	ambient/soundscape/urban/ambienturban_1	51.5	91.6
urban	ambienturban_10_43e58d0236	AudioExpansion	ambient/soundscape/urban/ambienturban_10	41.6	74.0
urban	ambienturban_11_5f480d4953	AudioExpansion	ambient/soundscape/urban/ambienturban_11	51.4	91.4
urban	ambienturban_12_38ade3d4c0	AudioExpansion	ambient/soundscape/urban/ambienturban_12	44.7	79.5
urban	ambienturban_2_2559e86765	AudioExpansion	ambient/soundscape/urban/ambienturban_2	44.7	79.4
urban	ambienturban_25_715aa91a68	AudioExpansion	ambient/soundscape/urban/ambienturban_25	37.4	66.5
urban	ambienturban_3_094b50c1ac	AudioExpansion	ambient/soundscape/urban/ambienturban_3	45.8	81.4
urban	ambienturban_4_44bd1edfc2	AudioExpansion	ambient/soundscape/urban/ambienturban_4	35.0	62.3
urban	ambienturban_6_55fff96768	AudioExpansion	ambient/soundscape/urban/ambienturban_6	35.3	62.8
wildlife	crowforest1_63ded138b4	Amplified	ambient/soundscape/crows/Crowforest1	123.2	150.0
wildlife	crowforest2_171bee057c	Amplified	ambient/soundscape/crows/Crowforest2	80.8	113.2
wildlife	crowforest3_9c9da08300	Amplified	ambient/soundscape/crows/Crowforest3	112.7	150.0
wildlife	crowforest4_2a00837740	Amplified	ambient/soundscape/crows/Crowforest4	103.7	145.2
wildlife	crowforest5_e178274085	Amplified	ambient/soundscape/crows/Crowforest5	78.5	109.9
wildlife	distant_1_13d7114c5f	Amplified	ambient/soundscape/mutants/wolf/distant_1	114.0	159.6
wildlife	distant_10_6e219b59b7	Amplified	ambient/soundscape/mutants/wolf/distant_10	115.6	161.8
wildlife	distant_2_b90c27018a	Amplified	ambient/soundscape/mutants/wolf/distant_2	97.9	137.1
wildlife	distant_3_8d025a516f	Amplified	ambient/soundscape/mutants/wolf/distant_3	106.0	148.4
wildlife	distant_4_292e7a4438	Amplified	ambient/soundscape/mutants/wolf/distant_4	78.8	110.3
wildlife	distant_5_0b37b8173c	Amplified	ambient/soundscape/mutants/wolf/distant_5	109.9	153.8
wildlife	distant_6_29aadc74c7	Amplified	ambient/soundscape/mutants/wolf/distant_6	81.8	114.6
wildlife	distant_7_a9154a2f30	Amplified	ambient/soundscape/mutants/wolf/distant_7	88.9	124.5
wildlife	distant_8_b7270dc774	Amplified	ambient/soundscape/mutants/wolf/distant_8	101.8	142.6
wildlife	distant_9_794039d22b	Amplified	ambient/soundscape/mutants/wolf/distant_9	104.9	146.9
wildlife	wolf_idle_1_04464c06c6	Amplified	monsters/mwolf/wolf_idle_1	40.0	80.0
wildlife	wolf_idle_2_925edf4d2d	Amplified	monsters/mwolf/wolf_idle_2	40.0	80.0
wildlife	sound_10_6e79cf2dc1	AudioExpansion	ambient/trx/nature/owl/bak/sound_10	107.1	150.0
wildlife	sound_11_cb87b84fd9	AudioExpansion	ambient/trx/nature/owl/bak/sound_11	124.8	150.0
wildlife	sound_14_777adef76c	AudioExpansion	ambient/trx/nature/owl/bak/sound_14	97.1	135.9
wildlife	sound_27_268b6e4394	AudioExpansion	ambient/trx/nature/crow/sound_27	115.1	161.2
wildlife	sound_28_4633883a01	AudioExpansion	ambient/trx/nature/crow/sound_28	88.7	124.1
wildlife	sound_29_81bafe9461	AudioExpansion	ambient/trx/nature/crow/sound_29	103.2	144.5
wildlife	sound_30_d58e46c281	AudioExpansion	ambient/trx/nature/crow/sound_30	108.7	152.2
wildlife	sound_31_04fae1d2d4	AudioExpansion	ambient/trx/nature/crow/sound_31	84.7	118.6
wildlife	sound_32_f23fe55898	AudioExpansion	ambient/trx/nature/crow/sound_32	77.9	109.1
wildlife	sound_33_04be4be199	AudioExpansion	ambient/trx/nature/crow/sound_33	104.3	146.0
wildlife	sound_34_99ec5217d7	AudioExpansion	ambient/trx/nature/crow/sound_34	101.7	142.3
wildlife	sound_35_e5b1cb38a8	AudioExpansion	ambient/trx/nature/crow/sound_35	113.9	159.5
wildlife	sound_36_511ffdfdb1	AudioExpansion	ambient/trx/nature/crow/sound_36	96.3	134.9
wildlife	sound_37_4dd6facc29	AudioExpansion	ambient/trx/nature/crow/sound_37	101.9	142.7
wildlife	sound_39_9e549f66d8	AudioExpansion	ambient/trx/nature/crow/sound_39	110.6	154.9
wildlife	sound_40_c99ca64175	AudioExpansion	ambient/trx/nature/crow/sound_40	102.0	142.8
wildlife	sound_41_48f0526ae2	AudioExpansion	ambient/trx/nature/crow/sound_41	98.4	137.8
wildlife	sound_42_cc44540db9	AudioExpansion	ambient/trx/nature/crow/sound_42	80.4	112.6
wildlife	sound_43_9f1291987f	AudioExpansion	ambient/trx/nature/crow/sound_43	77.1	107.9
wildlife	sound_44_f001afaef3	AudioExpansion	ambient/trx/nature/crow/sound_44	101.1	141.5
wildlife	sound_45_005b5c1bc3	AudioExpansion	ambient/trx/nature/crow/sound_45	91.9	128.7
wildlife	sound_46_a1836297de	AudioExpansion	ambient/trx/nature/crow/sound_46	98.0	137.2
wildlife	sound_47_1e738dbfb6	AudioExpansion	ambient/trx/nature/crow/sound_47	112.4	157.3
wildlife	sound_48_e16bdc522b	AudioExpansion	ambient/trx/nature/crow/sound_48	91.1	127.5
wildlife	sound_49_2cc8fe764a	AudioExpansion	ambient/trx/nature/crow/sound_49	118.3	165.7
wildlife	sound_50_52aa477267	AudioExpansion	ambient/trx/nature/crow/sound_50	89.2	124.9
wildlife	sound_51_de2b82e981	AudioExpansion	ambient/trx/nature/crow/sound_51	97.7	136.8
wildlife	sound_52_0d7dea8d6f	AudioExpansion	ambient/trx/nature/crow/sound_52	108.1	151.3
wildlife	sound_53_671f9cfcb8	AudioExpansion	ambient/trx/nature/crow/sound_53	93.6	131.1
wildlife	sound_54_c0f0af0960	AudioExpansion	ambient/trx/nature/crow/sound_54	103.6	145.1
wildlife	sound_55_95855821e5	AudioExpansion	ambient/trx/nature/crow/sound_55	117.8	164.9
wildlife	sound_56_cd00f5f972	AudioExpansion	ambient/trx/nature/crow/sound_56	118.8	166.3
wildlife	sound_57_f885d49e7c	AudioExpansion	ambient/trx/nature/crow/sound_57	97.5	136.5
wildlife	sound_58_f610896ba6	AudioExpansion	ambient/trx/nature/crow/sound_58	109.3	153.0
wildlife	sound_59_5ef549c4df	AudioExpansion	ambient/trx/nature/crow/sound_59	100.6	140.9
wildlife	sound_60_e9534079c1	AudioExpansion	ambient/trx/nature/crow/sound_60	112.3	157.2
wildlife	sound_61_330d92847d	AudioExpansion	ambient/trx/nature/crow/sound_61	99.3	139.0
wildlife	sound_62_b2a3a543e4	AudioExpansion	ambient/trx/nature/crow/sound_62	99.0	138.6
wildlife	sound_63_8407151d4a	AudioExpansion	ambient/trx/nature/crow/sound_63	79.7	111.5
wildlife	sound_64_a055f5d96d	AudioExpansion	ambient/trx/nature/crow/sound_64	114.6	160.4
wildlife	sound_65_445735a14a	AudioExpansion	ambient/trx/nature/crow/sound_65	93.8	131.4
wildlife	sound_66_da17aa01ba	AudioExpansion	ambient/trx/nature/crow/sound_66	99.3	139.0
wildlife	sound_67_d74a1ce532	AudioExpansion	ambient/trx/nature/crow/sound_67	116.4	162.9
wildlife	sound_68_e0bce539c7	AudioExpansion	ambient/trx/nature/crow/sound_68	99.2	138.8
wildlife	sound_69_33d80162c6	AudioExpansion	ambient/trx/nature/crow/sound_69	117.2	164.1
wildlife	sound_70_bbae68d406	AudioExpansion	ambient/trx/nature/crow/sound_70	96.7	135.3
wildlife	sound_71_5b0d0ad1f8	AudioExpansion	ambient/trx/nature/crow/sound_71	100.8	141.1
wildlife	sound_72_ae8ca69626	AudioExpansion	ambient/trx/nature/crow/sound_72	88.3	123.6
wildlife	sound_73_2ba3a0605a	AudioExpansion	ambient/trx/nature/crow/sound_73	109.3	153.0
wildlife	sound_74_b4dc43981f	AudioExpansion	ambient/trx/nature/crow/sound_74	81.6	114.2
wildlife	sound_75_6351ab9a76	AudioExpansion	ambient/trx/nature/crow/sound_75	84.2	117.9
wildlife	sound_76_92774fdc6b	AudioExpansion	ambient/trx/nature/crow/sound_76	107.8	150.9
wildlife	sound_77_c6b1ba1330	AudioExpansion	ambient/trx/nature/crow/sound_77	119.4	167.1
wildlife	sound_78_f9a9a8c4c3	AudioExpansion	ambient/trx/nature/crow/sound_78	99.1	138.8
wildlife	sound_24_8a595d5a54	AudioExpansion	ambient/trx/nature/dog/sound_24	115.2	125.0
wildlife	sound_25_e8064e36e3	AudioExpansion	ambient/trx/nature/dog/sound_25	102.6	125.0
wildlife	sound_26_151c6fe524	AudioExpansion	ambient/trx/nature/dog/sound_26	112.1	125.0
wildlife	sound_27_3f105cc2f1	AudioExpansion	ambient/trx/nature/dog/sound_27	100.1	125.0
wildlife	sound_28_52b653621a	AudioExpansion	ambient/trx/nature/dog/sound_28	101.6	125.0
wildlife	sound_29_d90a0a600a	AudioExpansion	ambient/trx/nature/dog/sound_29	103.1	125.0
wildlife	sound_30_2f9ef9432c	AudioExpansion	ambient/trx/nature/dog/sound_30	108.6	125.0
wildlife	sound_31_a7689c0914	AudioExpansion	ambient/trx/nature/dog/sound_31	103.1	125.0
wildlife	sound_32_6893c49808	AudioExpansion	ambient/trx/nature/dog/sound_32	82.9	116.1
wildlife	sound_33_27700918b7	AudioExpansion	ambient/trx/nature/dog/sound_33	110.7	125.0
wildlife	sound_34_e565dd0764	AudioExpansion	ambient/trx/nature/dog/sound_34	111.2	125.0
wildlife	sound_35_874d773928	AudioExpansion	ambient/trx/nature/dog/sound_35	89.7	125.0
wildlife	sound_36_3f351a1980	AudioExpansion	ambient/trx/nature/dog/sound_36	109.1	125.0
wildlife	sound_37_506dabaacd	AudioExpansion	ambient/trx/nature/dog/sound_37	106.9	125.0
wildlife	sound_38_2e66b9e486	AudioExpansion	ambient/trx/nature/dog/sound_38	114.4	125.0
wildlife	sound_39_564018b8e2	AudioExpansion	ambient/trx/nature/dog/sound_39	117.5	125.0
wildlife	sound_40_f32bcaa2b5	AudioExpansion	ambient/trx/nature/dog/sound_40	76.4	107.0
wildlife	sound_41_b7f19e08e3	AudioExpansion	ambient/trx/nature/dog/sound_41	109.8	125.0
wildlife	sound_42_5d2d25dfce	AudioExpansion	ambient/trx/nature/dog/sound_42	103.0	125.0
wildlife	sound_43_2f517a2c91	AudioExpansion	ambient/trx/nature/dog/sound_43	85.8	120.1
wildlife	sound_44_1032d0a50b	AudioExpansion	ambient/trx/nature/dog/sound_44	92.7	125.0
wildlife	sound_45_fecbf7170d	AudioExpansion	ambient/trx/nature/dog/sound_45	102.9	125.0
wildlife	sound_46_b62fcfde60	AudioExpansion	ambient/trx/nature/dog/sound_46	124.7	125.0
wildlife	sound_47_b432537d68	AudioExpansion	ambient/trx/nature/dog/sound_47	86.8	121.6
wildlife	sound_48_2ddafc7a3b	AudioExpansion	ambient/trx/nature/dog/sound_48	107.9	125.0
wildlife	sound_49_ad145e33eb	AudioExpansion	ambient/trx/nature/dog/sound_49	96.1	125.0
wildlife	sound_50_19877d16a7	AudioExpansion	ambient/trx/nature/dog/sound_50	117.1	125.0
wildlife	sound_51_50b3732dd0	AudioExpansion	ambient/trx/nature/dog/sound_51	106.8	125.0
wildlife	sound_52_2104238116	AudioExpansion	ambient/trx/nature/dog/sound_52	117.9	125.0
wildlife	sound_53_3a64bfe375	AudioExpansion	ambient/trx/nature/dog/sound_53	80.0	112.1
wildlife	sound_54_d54024797c	AudioExpansion	ambient/trx/nature/dog/sound_54	96.1	125.0
wildlife	sound_55_2c1afacc4e	AudioExpansion	ambient/trx/nature/dog/sound_55	78.8	110.3
wildlife	sound_01_467a8e39ab	AudioExpansion	ambient/trx/nature/owl/bak/sound_01	113.1	150.0
wildlife	sound_02_d299289a87	AudioExpansion	ambient/trx/nature/owl/bak/sound_02	102.1	142.9
wildlife	sound_03_70b3eb339e	AudioExpansion	ambient/trx/nature/owl/bak/sound_03	89.0	124.7
wildlife	sound_04_05cff799be	AudioExpansion	ambient/trx/nature/owl/bak/sound_04	112.1	150.0
wildlife	sound_05_501357e874	AudioExpansion	ambient/trx/nature/owl/bak/sound_05	117.0	150.0
wildlife	sound_06_20bdcfa11e	AudioExpansion	ambient/trx/nature/owl/bak/sound_06	100.7	141.0
wildlife	sound_07_3b18794587	AudioExpansion	ambient/trx/nature/owl/bak/sound_07	114.1	150.0
wildlife	sound_08_b4e4d69626	AudioExpansion	ambient/trx/nature/owl/bak/sound_08	117.9	150.0
wildlife	sound_09_fe4c671d39	AudioExpansion	ambient/trx/nature/owl/bak/sound_09	119.4	150.0
wildlife	howling_1_dc67c10098	DeadAir	ambient/howling_1	92.6	129.7
wildlife	wolf_howl_04_12a88d8a33	DeadAir	ambient/lar_ambients/lar_wolf/wolf_howl_04	85.1	100.0
wildlife	rnd_howling_1_3383b23b80	DeadAir	ambient/rnd_outdoor/rnd_howling_1	106.6	149.2
wildlife	rnd_howling_1_1d01450717	OGSE	ambient/rnd_outdoor/rnd_howling_1	37.5	75.0
wildlife	rnd_howling_2_26784f0673	OGSE	ambient/rnd_outdoor/rnd_howling_2	37.5	75.0
wildlife	crow_01_47cdf82241	DeadAir	ambient/lar_ambients/lar_crow/crow_01	76.1	100.0
wildlife	crow_02_36a7283111	DeadAir	ambient/lar_ambients/lar_crow/crow_02	50.0	100.0
wildlife	crow_03_6db7ceb394	DeadAir	ambient/lar_ambients/lar_crow/crow_03	75.1	100.0
wildlife	crow_04_a9ea4fd973	DeadAir	ambient/lar_ambients/lar_crow/crow_04	50.0	100.0
wildlife	crow_05_62647162a1	DeadAir	ambient/lar_ambients/lar_crow/crow_05	50.0	100.0
wildlife	crow_06_c1679e0408	DeadAir	ambient/lar_ambients/lar_crow/crow_06	97.2	100.0
wildlife	crow_07_fe4a0b6165	DeadAir	ambient/lar_ambients/lar_crow/crow_07	76.3	100.0
wildlife	crow_08_84a01d41a1	DeadAir	ambient/lar_ambients/lar_crow/crow_08	50.0	100.0
wildlife	crow_09_0f1520b97e	DeadAir	ambient/lar_ambients/lar_crow/crow_09	50.0	100.0
wildlife	crow_10_8bc93b4fb5	DeadAir	ambient/lar_ambients/lar_crow/crow_10	90.6	100.0
wildlife	crow_11_31e467c9bb	DeadAir	ambient/lar_ambients/lar_crow/crow_11	85.6	100.0
wildlife	crow_12_5d2d4b9202	DeadAir	ambient/lar_ambients/lar_crow/crow_12	77.7	100.0
wildlife	crow_13_43074f5948	DeadAir	ambient/lar_ambients/lar_crow/crow_13	91.0	100.0
wildlife	dog_0_e7afd4f25b	DeadAir	ambient/lar_ambients/lar_dog/dog_0	101.5	120.0
wildlife	dog_1_017808cc6e	DeadAir	ambient/lar_ambients/lar_dog/dog_1	116.7	120.0
wildlife	dog_10_9c4d5c9234	DeadAir	ambient/lar_ambients/lar_dog/dog_10	96.5	120.0
wildlife	dog_2_2cae3746e0	DeadAir	ambient/lar_ambients/lar_dog/dog_2	60.0	120.0
wildlife	dog_3_af5c6d2e7e	DeadAir	ambient/lar_ambients/lar_dog/dog_3	106.0	120.0
wildlife	dog_4_ea53fdce5c	DeadAir	ambient/lar_ambients/lar_dog/dog_4	78.4	109.8
wildlife	dog_5_c32be40b0a	DeadAir	ambient/lar_ambients/lar_dog/dog_5	60.0	120.0
wildlife	dog_6_f05a6a4762	DeadAir	ambient/lar_ambients/lar_dog/dog_6	100.5	120.0
wildlife	dog_7_ff46eb0076	DeadAir	ambient/lar_ambients/lar_dog/dog_7	60.0	120.0
wildlife	dog_8_c2bd83ea42	DeadAir	ambient/lar_ambients/lar_dog/dog_8	60.0	120.0
wildlife	dog_9_81884bd499	DeadAir	ambient/lar_ambients/lar_dog/dog_9	114.0	120.0
wildlife	wolf_howl_01_89c2e52f00	DeadAir	ambient/lar_ambients/lar_wolf/wolf_howl_01	37.5	75.0
wildlife	wolf_howl_02_804f3c0634	DeadAir	ambient/lar_ambients/lar_wolf/wolf_howl_02	37.5	75.0
wildlife	wolf_howl_03_45cac73278	DeadAir	ambient/lar_ambients/lar_wolf/wolf_howl_03	37.5	75.0
wildlife	wolf_howl_05_64f7a83039	DeadAir	ambient/lar_ambients/lar_wolf/wolf_howl_05	37.5	75.0
wildlife	wolf_howl_06_b2ea821699	DeadAir	ambient/lar_ambients/lar_wolf/wolf_howl_06	37.5	75.0
wildlife	wolf_howl_07_4ac633a5c6	DeadAir	ambient/lar_ambients/lar_wolf/wolf_howl_07	37.5	75.0
wildlife	dog_00_5c681df15e	DeadAir	ambient/lar_nature/lar_dog/dog_00	37.5	75.0
wildlife	dog_01_0299aa621a	DeadAir	ambient/lar_nature/lar_dog/dog_01	37.5	75.0
wildlife	dog_02_3ad7b582c5	DeadAir	ambient/lar_nature/lar_dog/dog_02	37.5	75.0
wildlife	dog_03_5628a6d24e	DeadAir	ambient/lar_nature/lar_dog/dog_03	37.5	75.0
wildlife	dog_04_ea2223c474	DeadAir	ambient/lar_nature/lar_dog/dog_04	37.5	75.0
wildlife	dog_06_41b1a44b75	DeadAir	ambient/lar_nature/lar_dog/dog_06	37.5	75.0
wildlife	dog_07_5ab866da49	DeadAir	ambient/lar_nature/lar_dog/dog_07	37.5	75.0
wildlife	dog_08_7a448de35e	DeadAir	ambient/lar_nature/lar_dog/dog_08	37.5	75.0
wildlife	dog_09_7b6982b925	DeadAir	ambient/lar_nature/lar_dog/dog_09	37.5	75.0
wildlife	dog_10_5b616fd9c0	DeadAir	ambient/lar_nature/lar_dog/dog_10	37.5	75.0
wildlife	howled_1_1f2eb772dd	DeadAir	ambient/lar_nature/lar_howled/howled_1	78.7	110.1
wildlife	howled_2_657cc34443	DeadAir	ambient/lar_nature/lar_howled/howled_2	123.6	173.0
wildlife	howled_3_f7ba7a44a8	DeadAir	ambient/lar_nature/lar_howled/howled_3	93.9	131.4
wildlife	howled_4_8f00ffdcb9	DeadAir	ambient/lar_nature/lar_howled/howled_4	118.8	166.3
wildlife	owl_high_1_21f878d395	DeadAir	ambient/lar_nature/lar_owls/owl_high_1	37.5	75.0
wildlife	owl_high_2_3f3e43f66a	DeadAir	ambient/lar_nature/lar_owls/owl_high_2	37.5	75.0
wildlife	owls_1_96c109830d	DeadAir	ambient/lar_nature/lar_owls/owls_1	37.5	75.0
wildlife	owls_2_d2810afd86	DeadAir	ambient/lar_nature/lar_owls/owls_2	37.5	75.0
wildlife	owls_3_53b73779d1	DeadAir	ambient/lar_nature/lar_owls/owls_3	37.5	75.0
wildlife	owls_4_ac3ae23caf	DeadAir	ambient/lar_nature/lar_owls/owls_4	37.5	75.0
wildlife	owls_5_a0c3b979a1	DeadAir	ambient/lar_nature/lar_owls/owls_5	37.5	75.0
wildlife	owls_6_bcf85ae534	DeadAir	ambient/lar_nature/lar_owls/owls_6	37.5	75.0
wildlife	owls_7_f022849eec	DeadAir	ambient/lar_nature/lar_owls/owls_7	37.5	75.0
wildlife	owls_8_fe365fe29b	DeadAir	ambient/lar_nature/lar_owls/owls_8	37.5	75.0
wildlife	bdog_howling_2_5942c7c942	Prosector	ambient/rnd_outdoor/bdog_howling_2	37.5	75.0
wildlife	rnd_wolfhowl01_134d334a09	DeadAir	ambient/rnd_outdoor/rnd_wolfhowl01	37.5	75.0
wildlife	rnd_wolfhowl02_3f38a43ae6	DeadAir	ambient/rnd_outdoor/rnd_wolfhowl02	37.5	75.0
wildlife	rnd_wolfhowl01_6340807e5c	OGSE	ambient/random/rnd_wolfhowl01	75.3	105.5
wildlife	rnd_wolfhowl02_46329466da	OGSE	ambient/random/rnd_wolfhowl02	119.8	167.7
wildlife	drifter_dog_howling_742f11e184	OGSE	characters_voice/scenario/drifter_dog_howling	87.2	122.1
wildlife	outside_howl1_23e40cf4eb	Prosector	ambient/rnd_outdoor/outside_howl1	111.4	156.0
wildlife	outside_howl2_d5b80b3723	Prosector	ambient/rnd_outdoor/outside_howl2	76.6	107.3
wildlife	outside_howl3_50005727f9	Prosector	ambient/rnd_outdoor/outside_howl3	115.6	161.8
wind	galewind19_f1b4760145	Amplified	ambient/soundscape/wind/Galewind19	31.1	100.0
wind	spookgust1_80a38bbb42	Amplified	ambient/soundscape/wind/Spookgust1	34.5	100.0
wind	spookgust10_3c96192c96	Amplified	ambient/soundscape/wind/Spookgust10	22.6	98.0
wind	spookgust11_27dc1d17ec	Amplified	ambient/soundscape/wind/Spookgust11	29.1	100.0
wind	spookgust12_fde1575209	Amplified	ambient/soundscape/wind/Spookgust12	29.0	100.0
wind	spookgust13_db1f2b5600	Amplified	ambient/soundscape/wind/Spookgust13	33.7	100.0
wind	spookgust14_bb55ca5736	Amplified	ambient/soundscape/wind/Spookgust14	26.7	100.0
wind	spookgust15_63409b1703	Amplified	ambient/soundscape/wind/Spookgust15	25.7	100.0
wind	spookgust16_32632a724e	Amplified	ambient/soundscape/wind/Spookgust16	33.4	100.0
wind	spookgust17_612a5627cc	Amplified	ambient/soundscape/wind/Spookgust17	33.6	100.0
wind	spookgust18_2b6e0a5f12	Amplified	ambient/soundscape/wind/Spookgust18	27.4	100.0
wind	spookgust19_ddd323f363	Amplified	ambient/soundscape/wind/Spookgust19	37.4	100.0
wind	spookgust5_b5943b7881	Amplified	ambient/soundscape/wind/Spookgust5	33.2	100.0
wind	spookgust2_e79912b9a5	Amplified	ambient/soundscape/wind/Spookgust2	27.8	100.0
wind	spookgust20_46957e3737	Amplified	ambient/soundscape/wind/Spookgust20	37.4	100.0
wind	spookgust21_52adb4e5d3	Amplified	ambient/soundscape/wind/Spookgust21	31.5	100.0
wind	spookgust22_007cce5c14	Amplified	ambient/soundscape/wind/Spookgust22	32.9	100.0
wind	spookgust23_e69348ce19	Amplified	ambient/soundscape/wind/Spookgust23	33.2	100.0
wind	spookgust3_3045fa7b3e	Amplified	ambient/soundscape/wind/Spookgust3	32.9	100.0
wind	spookgust4_cbf2eb0a54	Amplified	ambient/soundscape/wind/Spookgust4	36.3	100.0
wind	spookgust6_1edcca7e6a	Amplified	ambient/soundscape/wind/Spookgust6	32.6	100.0
wind	spookgust7_b4bb0e0d55	Amplified	ambient/soundscape/wind/Spookgust7	27.2	100.0
wind	spookgust8_3dcd9b0d3b	Amplified	ambient/soundscape/wind/Spookgust8	33.0	100.0
wind	spookgust9_4bd51df62a	Amplified	ambient/soundscape/wind/Spookgust9	34.3	100.0
wind	spookgustu1_b5b38722a7	Amplified	ambient/soundscape/wind/Spookgustu1	35.5	100.0
wind	spookgustu2_7e70a2bd82	Amplified	ambient/soundscape/wind/Spookgustu2	26.8	100.0
wind	spookgustu3_38f06c2763	Amplified	ambient/soundscape/wind/Spookgustu3	27.0	100.0
wind	spookgustu4_cb992ed110	Amplified	ambient/soundscape/wind/Spookgustu4	29.5	100.0
wind	spookgustu5_a32c1953a6	Amplified	ambient/soundscape/wind/Spookgustu5	34.9	100.0
wind	spookgustu6_edc1237143	Amplified	ambient/soundscape/wind/Spookgustu6	35.1	100.0
wind	windwhistle4_68c5a9f587	Amplified	ambient/soundscape/wind/windwhistle4	34.2	100.0
wind	windwhistle4_9e829bf6b7	Soundscape	ambient/soundscape/wind/windwhistle4	35.5	153.8
wind	windwhistle6_9db93da665	Soundscape	ambient/soundscape/wind/windwhistle6	32.5	140.8
wind	windwhistle4_cc92e82536	AudioExpansion	ambient/soundscape/wind/windwhistle4	27.7	120.0
wind	sound_07_07528199a1	AudioExpansion	ambient/trx/nature/wind_heavy/sound_07	36.8	150.0
wind	sound_08_7111f76dae	AudioExpansion	ambient/trx/nature/wind_heavy/sound_08	23.4	101.4
wind	sound_09_0e2490dbfd	AudioExpansion	ambient/trx/nature/wind_heavy/sound_09	28.9	125.4
wind	sound_11_13e2097be4	AudioExpansion	ambient/trx/nature/wind_heavy/sound_11	34.5	149.5
wind	sound_12_282ec6a89c	AudioExpansion	ambient/trx/nature/wind_heavy/sound_12	32.1	139.2
wind	howling_wind_11_e85663f6ed	DeadAir	ambient/howling_wind_11	26.8	116.3
wind	howling_wind_12_f5c08b7659	DeadAir	ambient/howling_wind_12	29.1	126.2
wind	howling_wind_u1_adf80c208d	DeadAir	ambient/howling_wind_u1	33.2	143.9
wind	wind_gust_01_8d2ba79658	DeadAir	ambient/lar_ambients/lar_wind_gust/wind_gust_01	24.9	75.0
wind	wind_gust_02_05586996a2	DeadAir	ambient/lar_ambients/lar_wind_gust/wind_gust_02	24.5	75.0
wind	wind_gust_03_906dd91cb3	DeadAir	ambient/lar_ambients/lar_wind_gust/wind_gust_03	25.3	75.0
wind	wind_gust_04_0020619ffe	DeadAir	ambient/lar_ambients/lar_wind_gust/wind_gust_04	25.9	75.0
wind	wind_gust_05_baf50db350	DeadAir	ambient/lar_ambients/lar_wind_gust/wind_gust_05	29.9	75.0
wind	wind_gust_06_5ee4c0f6bd	DeadAir	ambient/lar_ambients/lar_wind_gust/wind_gust_06	36.8	75.0
wind	wind_trees_01_465a520aea	DeadAir	ambient/lar_ambients/lar_wind_trees/wind_trees_01	34.0	147.2
wind	wind_trees_02_71944f1c7a	DeadAir	ambient/lar_ambients/lar_wind_trees/wind_trees_02	31.0	134.4
wind	wind_trees_03_61d9cb3d4c	DeadAir	ambient/lar_ambients/lar_wind_trees/wind_trees_03	26.3	114.2
wind	wind_trees_04_659fcdbd95	DeadAir	ambient/lar_ambients/lar_wind_trees/wind_trees_04	32.6	141.3
wind	wind_trees_05_fec9c3a460	DeadAir	ambient/lar_ambients/lar_wind_trees/wind_trees_05	37.4	162.2
wind	wind_trees_06_92046753c6	DeadAir	ambient/lar_ambients/lar_wind_trees/wind_trees_06	34.0	147.4
wind	howling_wind_11_95fad701e9	Prosector	ambient/howling_wind_11	31.9	100.0
wind	howling_wind_12_589d292365	Prosector	ambient/howling_wind_12	35.7	100.0
wind	howling_wind_u1_6d9dfc7d59	Prosector	ambient/howling_wind_u1	25.9	100.0
